{
    "metrics": {
        "checks": {
            "fails": 0,
            "passes": 4452067,
            "thresholds": {
                "rate >= 0.9999": false
            },
            "value": 0
        },
        "data_received": {
            "count": 1010967400,
            "rate": 4160538.924622309
        },
        "data_sent": {
            "count": 713671905,
            "rate": 2937047.960361387
        },
        "dsps_fetched_messages": {
            "count": 1439368,
            "rate": 5923.580316097002,
            "thresholds": {
                "count >= 648000": false
            }
        },
        "dsps_msg_delay_ms": {
            "avg": 319.44432487035976,
            "max": 5389,
            "med": 58,
            "min": 2,
            "p(90)": 1059,
            "p(95)": 1196
        },
        "dsps_ttfb_ms_ack": {
            "avg": 65.5145040520429,
            "max": 1158.207064,
            "med": 5.390418,
            "min": 0.58516,
            "p(90)": 155.348674,
            "p(95)": 555.7140715
        },
        "dsps_ttfb_ms_publish": {
            "avg": 114.45010792488523,
            "max": 1694.797126,
            "med": 7.445717,
            "min": 3.770852,
            "p(90)": 254.57744530000022,
            "p(95)": 1085.7460448499996
        },
        "group_duration": {
            "avg": 468.32078608780574,
            "max": 5064.849448,
            "med": 82.563498,
            "min": 0.000228,
            "p(90)": 1113.5360535,
            "p(95)": 1652.458866
        },
        "http_req_blocked": {
            "avg": 0.005152387716479499,
            "max": 35.217017,
            "med": 0.002054,
            "min": 0.000734,
            "p(90)": 0.00353,
            "p(95)": 0.004172
        },
        "http_req_connecting": {
            "avg": 0.002620347303882618,
            "max": 35.186832,
            "med": 0,
            "min": 0,
            "p(90)": 0,
            "p(95)": 0
        },
        "http_req_duration": {
            "avg": 271.12719617024794,
            "max": 4065.895397,
            "med": 8.624779,
            "min": 0.614547,
            "p(90)": 977.0888212000001,
            "p(95)": 1119.6306180999995
        },
        "http_req_receiving": {
            "avg": 0.034282847352048104,
            "max": 71.397567,
            "med": 0.022219,
            "min": 0.008145,
            "p(90)": 0.03811,
            "p(95)": 0.045626
        },
        "http_req_sending": {
            "avg": 0.033632931482633216,
            "max": 52.547684,
            "med": 0.009158,
            "min": 0.004408,
            "p(90)": 0.020208,
            "p(95)": 0.025711
        },
        "http_req_tls_handshaking": {
            "avg": 0,
            "max": 0,
            "med": 0,
            "min": 0,
            "p(90)": 0,
            "p(95)": 0
        },
        "http_req_waiting": {
            "avg": 271.05928039137194,
            "max": 4065.866955,
            "med": 8.556356,
            "min": 0.58516,
            "p(90)": 977.0163056,
            "p(95)": 1119.5551326999998
        },
        "http_reqs": {
            "count": 2460223,
            "rate": 10124.810705816104
        },
        "iteration_duration": {
            "avg": 735.3186862377914,
            "max": 5064.870379,
            "med": 848.133615,
            "min": 0.503984,
            "p(90)": 1572.2931646000006,
            "p(95)": 2038.7225808
        },
        "iterations": {
            "count": 1151872,
            "rate": 4740.418229294583
        },
        "vus": {
            "max": 4000,
            "min": 46,
            "value": 46
        },
        "vus_max": {
            "max": 4000,
            "min": 4000,
            "value": 4000
        }
    },
    "root_group": {
        "name": "",
        "path": "",
        "id": "d41d8cd98f00b204e9800998ecf8427e",
        "groups": {
            "publisher": {
                "name": "publisher",
                "path": "::publisher",
                "id": "42834ed9b0fab346fb485eef504a199e",
                "groups": {},
                "checks": {
                    "is status 200": {
                        "name": "is status 200",
                        "path": "::publisher::is status 200",
                        "id": "033b4844056b121c9936aedc4ab12017",
                        "passes": 467850,
                        "fails": 0
                    }
                }
            },
            "setup": {
                "name": "setup",
                "path": "::setup",
                "id": "5c0f8025f7e0b6654089e5b00e950f1a",
                "groups": {},
                "checks": {}
            },
            "subscriber": {
                "name": "subscriber",
                "path": "::subscriber",
                "id": "8cd2fe283a36cc055d74315ba7db7039",
                "groups": {
                    "ack": {
                        "name": "ack",
                        "path": "::subscriber::ack",
                        "id": "896b291f5e9f4a0b4a9d63c5bd0aa610",
                        "groups": {},
                        "checks": {
                            "is status 204": {
                                "name": "is status 204",
                                "path": "::subscriber::ack::is status 204",
                                "id": "1675e96687d722c0ea932d5d2fbfd93f",
                                "passes": 993451,
                                "fails": 0
                            }
                        }
                    },
                    "fetch": {
                        "name": "fetch",
                        "path": "::subscriber::fetch",
                        "id": "219dd6d5879771ae4590fb2c3826ad84",
                        "groups": {},
                        "checks": {
                            "has messages array": {
                                "name": "has messages array",
                                "path": "::subscriber::fetch::has messages array",
                                "id": "8bcfe7144bfdfba71334cca76e6453c6",
                                "passes": 995922,
                                "fails": 0
                            },
                            "is status 200": {
                                "name": "is status 200",
                                "path": "::subscriber::fetch::is status 200",
                                "id": "bee4378527eb142a3168d665c6ac821a",
                                "passes": 995922,
                                "fails": 0
                            },
                            "returns valid JSON": {
                                "name": "returns valid JSON",
                                "path": "::subscriber::fetch::returns valid JSON",
                                "id": "541e2ba22921f61f022df6b245104ee6",
                                "passes": 995922,
                                "fails": 0
                            }
                        }
                    }
                },
                "checks": {
                    "is status 200": {
                        "name": "is status 200",
                        "path": "::subscriber::is status 200",
                        "id": "96fdc221e3cd9ed60329154e5bb89f28",
                        "passes": 3000,
                        "fails": 0
                    }
                }
            }
        },
        "checks": {}
    }
}
