{
    "metrics": {
        "checks": {
            "fails": 0,
            "passes": 2239492,
            "thresholds": {
                "rate >= 0.9999": false
            },
            "value": 0
        },
        "data_received": {
            "count": 512251031,
            "rate": 2109606.925501827
        },
        "data_sent": {
            "count": 361073463,
            "rate": 1487011.3129352154
        },
        "dsps_fetched_messages": {
            "count": 736972,
            "rate": 3035.07682954948,
            "thresholds": {
                "count >= 259200": false
            }
        },
        "dsps_msg_delay_ms": {
            "avg": 39.31074179208979,
            "max": 527,
            "med": 32,
            "min": 4,
            "p(90)": 69,
            "p(95)": 84
        },
        "dsps_ttfb_ms_ack": {
            "avg": 9.499567711617669,
            "max": 117.307439,
            "med": 5.16299,
            "min": 0.652117,
            "p(90)": 23.43626359999999,
            "p(95)": 36.964864599999984
        },
        "dsps_ttfb_ms_publish": {
            "avg": 12.053039288841763,
            "max": 137.401704,
            "med": 7.226973,
            "min": 3.775798,
            "p(90)": 27.69741249999999,
            "p(95)": 42.33629494999985
        },
        "group_duration": {
            "avg": 372.8983519527083,
            "max": 3061.899282,
            "med": 33.713678,
            "min": 0.000269,
            "p(90)": 1007.739637,
            "p(95)": 1024.923038
        },
        "http_req_blocked": {
            "avg": 0.004124217278170122,
            "max": 25.347882,
            "med": 0.001718,
            "min": 0.00072,
            "p(90)": 0.002758,
            "p(95)": 0.003392
        },
        "http_req_connecting": {
            "avg": 0.0020888694066331912,
            "max": 25.304133,
            "med": 0,
            "min": 0,
            "p(90)": 0,
            "p(95)": 0
        },
        "http_req_duration": {
            "avg": 199.21950514414803,
            "max": 3051.33672,
            "med": 7.3353470000000005,
            "min": 0.678405,
            "p(90)": 963.0005437,
            "p(95)": 976.2942568
        },
        "http_req_receiving": {
            "avg": 0.02460494186168309,
            "max": 28.748403,
            "med": 0.021591,
            "min": 0.00784,
            "p(90)": 0.034047,
            "p(95)": 0.04015
        },
        "http_req_sending": {
            "avg": 0.011984417821942909,
            "max": 18.632263,
            "med": 0.008473,
            "min": 0.004183,
            "p(90)": 0.014857,
            "p(95)": 0.019854
        },
        "http_req_tls_handshaking": {
            "avg": 0,
            "max": 0,
            "med": 0,
            "min": 0,
            "p(90)": 0,
            "p(95)": 0
        },
        "http_req_waiting": {
            "avg": 199.18291578446366,
            "max": 3051.288655,
            "med": 7.295693,
            "min": 0.652117,
            "p(90)": 962.9590987,
            "p(95)": 976.24938385
        },
        "http_reqs": {
            "count": 1241694,
            "rate": 5113.676895174596
        },
        "iteration_duration": {
            "avg": 584.1055805125762,
            "max": 3061.916093,
            "med": 957.4811385,
            "min": 0.080339,
            "p(90)": 1030.8704933000001,
            "p(95)": 1049.3519141
        },
        "iterations": {
            "count": 580143,
            "rate": 2389.2068859133374
        },
        "vus": {
            "max": 1600,
            "min": 25,
            "value": 25
        },
        "vus_max": {
            "max": 1600,
            "min": 1600,
            "value": 1600
        }
    },
    "root_group": {
        "name": "",
        "path": "",
        "id": "d41d8cd98f00b204e9800998ecf8427e",
        "groups": {
            "publisher": {
                "name": "publisher",
                "path": "::publisher",
                "id": "42834ed9b0fab346fb485eef504a199e",
                "groups": {},
                "checks": {
                    "is status 200": {
                        "name": "is status 200",
                        "path": "::publisher::is status 200",
                        "id": "033b4844056b121c9936aedc4ab12017",
                        "passes": 243732,
                        "fails": 0
                    }
                }
            },
            "setup": {
                "name": "setup",
                "path": "::setup",
                "id": "5c0f8025f7e0b6654089e5b00e950f1a",
                "groups": {},
                "checks": {}
            },
            "subscriber": {
                "name": "subscriber",
                "path": "::subscriber",
                "id": "8cd2fe283a36cc055d74315ba7db7039",
                "groups": {
                    "ack": {
                        "name": "ack",
                        "path": "::subscriber::ack",
                        "id": "896b291f5e9f4a0b4a9d63c5bd0aa610",
                        "groups": {},
                        "checks": {
                            "is status 204": {
                                "name": "is status 204",
                                "path": "::subscriber::ack::is status 204",
                                "id": "1675e96687d722c0ea932d5d2fbfd93f",
                                "passes": 497863,
                                "fails": 0
                            }
                        }
                    },
                    "fetch": {
                        "name": "fetch",
                        "path": "::subscriber::fetch",
                        "id": "219dd6d5879771ae4590fb2c3826ad84",
                        "groups": {},
                        "checks": {
                            "has messages array": {
                                "name": "has messages array",
                                "path": "::subscriber::fetch::has messages array",
                                "id": "8bcfe7144bfdfba71334cca76e6453c6",
                                "passes": 498899,
                                "fails": 0
                            },
                            "is status 200": {
                                "name": "is status 200",
                                "path": "::subscriber::fetch::is status 200",
                                "id": "bee4378527eb142a3168d665c6ac821a",
                                "passes": 498899,
                                "fails": 0
                            },
                            "returns valid JSON": {
                                "name": "returns valid JSON",
                                "path": "::subscriber::fetch::returns valid JSON",
                                "id": "541e2ba22921f61f022df6b245104ee6",
                                "passes": 498899,
                                "fails": 0
                            }
                        }
                    }
                },
                "checks": {
                    "is status 200": {
                        "name": "is status 200",
                        "path": "::subscriber::is status 200",
                        "id": "96fdc221e3cd9ed60329154e5bb89f28",
                        "passes": 1200,
                        "fails": 0
                    }
                }
            }
        },
        "checks": {}
    }
}
