{
    "metrics": {
        "checks": {
            "fails": 0,
            "passes": 2356286,
            "thresholds": {
                "rate >= 0.9999": false
            },
            "value": 0
        },
        "data_received": {
            "count": 538139857,
            "rate": 2215276.2230734383
        },
        "data_sent": {
            "count": 377002186,
            "rate": 1551945.9631708898
        },
        "dsps_fetched_messages": {
            "count": 811617,
            "rate": 3341.0568255720086,
            "thresholds": {
                "count >= 518400": false
            }
        },
        "dsps_msg_delay_ms": {
            "avg": 862.4884409764704,
            "max": 7720,
            "med": 658,
            "min": 3,
            "p(90)": 1974,
            "p(95)": 2504
        },
        "dsps_ttfb_ms_ack": {
            "avg": 162.58072807040838,
            "max": 1585.538744,
            "med": 5.517256,
            "min": 0.587168,
            "p(90)": 834.7194798000002,
            "p(95)": 973.7438122
        },
        "dsps_ttfb_ms_publish": {
            "avg": 309.5959746312855,
            "max": 2443.560319,
            "med": 7.724846,
            "min": 3.784594,
            "p(90)": 1618.0002596,
            "p(95)": 1723.6742084999998
        },
        "group_duration": {
            "avg": 711.6109553460753,
            "max": 6672.054892,
            "med": 233.42657,
            "min": 0.000239,
            "p(90)": 1963.9416192,
            "p(95)": 2586.1629887999998
        },
        "http_req_blocked": {
            "avg": 0.006216246470709784,
            "max": 29.298608,
            "med": 0.001825,
            "min": 0.000754,
            "p(90)": 0.002937,
            "p(95)": 0.003645
        },
        "http_req_connecting": {
            "avg": 0.003992061652424278,
            "max": 29.266948,
            "med": 0,
            "min": 0,
            "p(90)": 0,
            "p(95)": 0
        },
        "http_req_duration": {
            "avg": 441.88831031967834,
            "max": 5624.607656,
            "med": 13.8011325,
            "min": 0.627436,
            "p(90)": 1594.8831976,
            "p(95)": 1842.4809382000003
        },
        "http_req_receiving": {
            "avg": 0.02705851875033434,
            "max": 30.863525,
            "med": 0.022354,
            "min": 0.007982,
            "p(90)": 0.035739,
            "p(95)": 0.04216
        },
        "http_req_sending": {
            "avg": 0.016820592578677088,
            "max": 33.322042,
            "med": 0.008727,
            "min": 0.004408,
            "p(90)": 0.015529,
            "p(95)": 0.021088
        },
        "http_req_tls_handshaking": {
            "avg": 0,
            "max": 0,
            "med": 0,
            "min": 0,
            "p(90)": 0,
            "p(95)": 0
        },
        "http_req_waiting": {
            "avg": 441.84443120836363,
            "max": 5624.568822,
            "med": 13.722339999999999,
            "min": 0.587168,
            "p(90)": 1594.8326680000002,
            "p(95)": 1842.39179095
        },
        "http_reqs": {
            "count": 1309470,
            "rate": 5390.490442390657
        },
        "iteration_duration": {
            "avg": 1108.1360851280592,
            "max": 6672.079767,
            "med": 1008.010743,
            "min": 0.082088,
            "p(90)": 2605.8609479,
            "p(95)": 2874.787018200002
        },
        "iterations": {
            "count": 610797,
            "rate": 2514.3725253277175
        },
        "vus": {
            "max": 3200,
            "min": 38,
            "value": 38
        },
        "vus_max": {
            "max": 3200,
            "min": 3200,
            "value": 3200
        }
    },
    "root_group": {
        "name": "",
        "path": "",
        "id": "d41d8cd98f00b204e9800998ecf8427e",
        "groups": {
            "publisher": {
                "name": "publisher",
                "path": "::publisher",
                "id": "42834ed9b0fab346fb485eef504a199e",
                "groups": {},
                "checks": {
                    "is status 200": {
                        "name": "is status 200",
                        "path": "::publisher::is status 200",
                        "id": "033b4844056b121c9936aedc4ab12017",
                        "passes": 262167,
                        "fails": 0
                    }
                }
            },
            "setup": {
                "name": "setup",
                "path": "::setup",
                "id": "5c0f8025f7e0b6654089e5b00e950f1a",
                "groups": {},
                "checks": {}
            },
            "subscriber": {
                "name": "subscriber",
                "path": "::subscriber",
                "id": "8cd2fe283a36cc055d74315ba7db7039",
                "groups": {
                    "ack": {
                        "name": "ack",
                        "path": "::subscriber::ack",
                        "id": "896b291f5e9f4a0b4a9d63c5bd0aa610",
                        "groups": {},
                        "checks": {
                            "is status 204": {
                                "name": "is status 204",
                                "path": "::subscriber::ack::is status 204",
                                "id": "1675e96687d722c0ea932d5d2fbfd93f",
                                "passes": 521495,
                                "fails": 0
                            }
                        }
                    },
                    "fetch": {
                        "name": "fetch",
                        "path": "::subscriber::fetch",
                        "id": "219dd6d5879771ae4590fb2c3826ad84",
                        "groups": {},
                        "checks": {
                            "has messages array": {
                                "name": "has messages array",
                                "path": "::subscriber::fetch::has messages array",
                                "id": "8bcfe7144bfdfba71334cca76e6453c6",
                                "passes": 523408,
                                "fails": 0
                            },
                            "is status 200": {
                                "name": "is status 200",
                                "path": "::subscriber::fetch::is status 200",
                                "id": "bee4378527eb142a3168d665c6ac821a",
                                "passes": 523408,
                                "fails": 0
                            },
                            "returns valid JSON": {
                                "name": "returns valid JSON",
                                "path": "::subscriber::fetch::returns valid JSON",
                                "id": "541e2ba22921f61f022df6b245104ee6",
                                "passes": 523408,
                                "fails": 0
                            }
                        }
                    }
                },
                "checks": {
                    "is status 200": {
                        "name": "is status 200",
                        "path": "::subscriber::is status 200",
                        "id": "96fdc221e3cd9ed60329154e5bb89f28",
                        "passes": 2400,
                        "fails": 0
                    }
                }
            }
        },
        "checks": {}
    }
}
