{
    "metrics": {
        "checks": {
            "fails": 0,
            "passes": 2779481,
            "thresholds": {
                "rate >= 0.9999": false
            },
            "value": 0
        },
        "data_received": {
            "count": 638186019,
            "rate": 2627866.856528807
        },
        "data_sent": {
            "count": 449576032,
            "rate": 1851225.064180753
        },
        "dsps_fetched_messages": {
            "count": 924553,
            "rate": 3807.043892329891,
            "thresholds": {
                "count >= 324000": false
            }
        },
        "dsps_msg_delay_ms": {
            "avg": 24.420464808399302,
            "max": 400,
            "med": 28,
            "min": 3,
            "p(90)": 37,
            "p(95)": 38
        },
        "dsps_ttfb_ms_ack": {
            "avg": 4.855008390775296,
            "max": 52.142812,
            "med": 4.921583,
            "min": 0.619551,
            "p(90)": 6.2393334000000005,
            "p(95)": 6.7399036999999975
        },
        "dsps_ttfb_ms_publish": {
            "avg": 6.823219023827571,
            "max": 73.093366,
            "med": 6.8547535,
            "min": 3.753187,
            "p(90)": 8.1358101,
            "p(95)": 8.70943585
        },
        "group_duration": {
            "avg": 376.3319134573658,
            "max": 3030.326507,
            "med": 29.751935500000002,
            "min": 0.000251,
            "p(90)": 991.6320015,
            "p(95)": 1016.1163592500001
        },
        "http_req_blocked": {
            "avg": 0.004280403760871835,
            "max": 37.224845,
            "med": 0.001753,
            "min": 0.000741,
            "p(90)": 0.002929,
            "p(95)": 0.003592
        },
        "http_req_connecting": {
            "avg": 0.0021037598296846263,
            "max": 24.283616,
            "med": 0,
            "min": 0,
            "p(90)": 0,
            "p(95)": 0
        },
        "http_req_duration": {
            "avg": 199.41045753442108,
            "max": 3020.146151,
            "med": 6.298802,
            "min": 0.648499,
            "p(90)": 963.5606992,
            "p(95)": 967.136264
        },
        "http_req_receiving": {
            "avg": 0.02513332844371585,
            "max": 24.392068,
            "med": 0.021539,
            "min": 0.007988,
            "p(90)": 0.034949,
            "p(95)": 0.041566
        },
        "http_req_sending": {
            "avg": 0.013029242890414327,
            "max": 20.870346,
            "med": 0.008558,
            "min": 0.004359,
            "p(90)": 0.015698,
            "p(95)": 0.021137
        },
        "http_req_tls_handshaking": {
            "avg": 0,
            "max": 0,
            "med": 0,
            "min": 0,
            "p(90)": 0,
            "p(95)": 0
        },
        "http_req_waiting": {
            "avg": 199.3722949631025,
            "max": 3020.095161,
            "med": 6.26292,
            "min": 0.619551,
            "p(90)": 963.5205362,
            "p(95)": 967.0934614
        },
        "http_reqs": {
            "count": 1544429,
            "rate": 6359.515345888404
        },
        "iteration_duration": {
            "avg": 588.0771762937511,
            "max": 3030.341147,
            "med": 983.949575,
            "min": 0.090881,
            "p(90)": 1019.6501774000001,
            "p(95)": 1022.1933358
        },
        "iterations": {
            "count": 720614,
            "rate": 2967.281624122589
        },
        "vus": {
            "max": 2000,
            "min": 26,
            "value": 26
        },
        "vus_max": {
            "max": 2000,
            "min": 2000,
            "value": 2000
        }
    },
    "root_group": {
        "name": "",
        "path": "",
        "id": "d41d8cd98f00b204e9800998ecf8427e",
        "groups": {
            "publisher": {
                "name": "publisher",
                "path": "::publisher",
                "id": "42834ed9b0fab346fb485eef504a199e",
                "groups": {},
                "checks": {
                    "is status 200": {
                        "name": "is status 200",
                        "path": "::publisher::is status 200",
                        "id": "033b4844056b121c9936aedc4ab12017",
                        "passes": 309264,
                        "fails": 0
                    }
                }
            },
            "setup": {
                "name": "setup",
                "path": "::setup",
                "id": "5c0f8025f7e0b6654089e5b00e950f1a",
                "groups": {},
                "checks": {}
            },
            "subscriber": {
                "name": "subscriber",
                "path": "::subscriber",
                "id": "8cd2fe283a36cc055d74315ba7db7039",
                "groups": {
                    "ack": {
                        "name": "ack",
                        "path": "::subscriber::ack",
                        "id": "896b291f5e9f4a0b4a9d63c5bd0aa610",
                        "groups": {},
                        "checks": {
                            "is status 204": {
                                "name": "is status 204",
                                "path": "::subscriber::ack::is status 204",
                                "id": "1675e96687d722c0ea932d5d2fbfd93f",
                                "passes": 616139,
                                "fails": 0
                            }
                        }
                    },
                    "fetch": {
                        "name": "fetch",
                        "path": "::subscriber::fetch",
                        "id": "219dd6d5879771ae4590fb2c3826ad84",
                        "groups": {},
                        "checks": {
                            "has messages array": {
                                "name": "has messages array",
                                "path": "::subscriber::fetch::has messages array",
                                "id": "8bcfe7144bfdfba71334cca76e6453c6",
                                "passes": 617526,
                                "fails": 0
                            },
                            "is status 200": {
                                "name": "is status 200",
                                "path": "::subscriber::fetch::is status 200",
                                "id": "bee4378527eb142a3168d665c6ac821a",
                                "passes": 617526,
                                "fails": 0
                            },
                            "returns valid JSON": {
                                "name": "returns valid JSON",
                                "path": "::subscriber::fetch::returns valid JSON",
                                "id": "541e2ba22921f61f022df6b245104ee6",
                                "passes": 617526,
                                "fails": 0
                            }
                        }
                    }
                },
                "checks": {
                    "is status 200": {
                        "name": "is status 200",
                        "path": "::subscriber::is status 200",
                        "id": "96fdc221e3cd9ed60329154e5bb89f28",
                        "passes": 1500,
                        "fails": 0
                    }
                }
            }
        },
        "checks": {}
    }
}
