{
    "metrics": {
        "checks": {
            "fails": 0,
            "passes": 3336523,
            "thresholds": {
                "rate >= 0.9999": false
            },
            "value": 0
        },
        "data_received": {
            "count": 766261530,
            "rate": 3157335.9251778927
        },
        "data_sent": {
            "count": 539950508,
            "rate": 2224834.5636331937
        },
        "dsps_fetched_messages": {
            "count": 1109318,
            "rate": 4570.880093440799,
            "thresholds": {
                "count >= 388800": false
            }
        },
        "dsps_msg_delay_ms": {
            "avg": 24.471133615428577,
            "max": 396,
            "med": 28,
            "min": 4,
            "p(90)": 36,
            "p(95)": 38
        },
        "dsps_ttfb_ms_ack": {
            "avg": 4.795736510057648,
            "max": 69.587851,
            "med": 4.921346,
            "min": 0.704417,
            "p(90)": 5.921132,
            "p(95)": 6.431019999999999
        },
        "dsps_ttfb_ms_publish": {
            "avg": 6.7302919681300875,
            "max": 70.338452,
            "med": 6.868104,
            "min": 3.775864,
            "p(90)": 7.944288500000001,
            "p(95)": 8.306618
        },
        "group_duration": {
            "avg": 376.0990640428151,
            "max": 3207.483664,
            "med": 29.960859,
            "min": 0.000223,
            "p(90)": 991.1362747000001,
            "p(95)": 1016.8047321500001
        },
        "http_req_blocked": {
            "avg": 0.004336242977850172,
            "max": 34.193264,
            "med": 0.001859,
            "min": 0.000773,
            "p(90)": 0.003119,
            "p(95)": 0.00377
        },
        "http_req_connecting": {
            "avg": 0.002050895835659438,
            "max": 25.811817,
            "med": 0,
            "min": 0,
            "p(90)": 0,
            "p(95)": 0
        },
        "http_req_duration": {
            "avg": 199.23391455717027,
            "max": 3016.166837,
            "med": 6.190561,
            "min": 0.731309,
            "p(90)": 963.4395074,
            "p(95)": 966.5571162
        },
        "http_req_receiving": {
            "avg": 0.02636406253388154,
            "max": 36.378235,
            "med": 0.021543,
            "min": 0.007987,
            "p(90)": 0.035806,
            "p(95)": 0.042612
        },
        "http_req_sending": {
            "avg": 0.016195447927808287,
            "max": 30.543902,
            "med": 0.008736,
            "min": 0.004518,
            "p(90)": 0.017119,
            "p(95)": 0.022413
        },
        "http_req_tls_handshaking": {
            "avg": 0,
            "max": 0,
            "med": 0,
            "min": 0,
            "p(90)": 0,
            "p(95)": 0
        },
        "http_req_waiting": {
            "avg": 199.19135504669023,
            "max": 3016.116416,
            "med": 6.14988,
            "min": 0.704417,
            "p(90)": 963.3967304,
            "p(95)": 966.5139275
        },
        "http_reqs": {
            "count": 1853955,
            "rate": 7639.113404483689
        },
        "iteration_duration": {
            "avg": 587.7781351752059,
            "max": 3207.502184,
            "med": 984.383105,
            "min": 0.500235,
            "p(90)": 1019.623547,
            "p(95)": 1021.9970844
        },
        "iterations": {
            "count": 865016,
            "rate": 3564.2479567696428
        },
        "vus": {
            "max": 2400,
            "min": 40,
            "value": 40
        },
        "vus_max": {
            "max": 2400,
            "min": 2400,
            "value": 2400
        }
    },
    "root_group": {
        "name": "",
        "path": "",
        "id": "d41d8cd98f00b204e9800998ecf8427e",
        "groups": {
            "publisher": {
                "name": "publisher",
                "path": "::publisher",
                "id": "42834ed9b0fab346fb485eef504a199e",
                "groups": {},
                "checks": {
                    "is status 200": {
                        "name": "is status 200",
                        "path": "::publisher::is status 200",
                        "id": "033b4844056b121c9936aedc4ab12017",
                        "passes": 371196,
                        "fails": 0
                    }
                }
            },
            "setup": {
                "name": "setup",
                "path": "::setup",
                "id": "5c0f8025f7e0b6654089e5b00e950f1a",
                "groups": {},
                "checks": {}
            },
            "subscriber": {
                "name": "subscriber",
                "path": "::subscriber",
                "id": "8cd2fe283a36cc055d74315ba7db7039",
                "groups": {
                    "ack": {
                        "name": "ack",
                        "path": "::subscriber::ack",
                        "id": "896b291f5e9f4a0b4a9d63c5bd0aa610",
                        "groups": {},
                        "checks": {
                            "is status 204": {
                                "name": "is status 204",
                                "path": "::subscriber::ack::is status 204",
                                "id": "1675e96687d722c0ea932d5d2fbfd93f",
                                "passes": 739675,
                                "fails": 0
                            }
                        }
                    },
                    "fetch": {
                        "name": "fetch",
                        "path": "::subscriber::fetch",
                        "id": "219dd6d5879771ae4590fb2c3826ad84",
                        "groups": {},
                        "checks": {
                            "has messages array": {
                                "name": "has messages array",
                                "path": "::subscriber::fetch::has messages array",
                                "id": "8bcfe7144bfdfba71334cca76e6453c6",
                                "passes": 741284,
                                "fails": 0
                            },
                            "is status 200": {
                                "name": "is status 200",
                                "path": "::subscriber::fetch::is status 200",
                                "id": "bee4378527eb142a3168d665c6ac821a",
                                "passes": 741284,
                                "fails": 0
                            },
                            "returns valid JSON": {
                                "name": "returns valid JSON",
                                "path": "::subscriber::fetch::returns valid JSON",
                                "id": "541e2ba22921f61f022df6b245104ee6",
                                "passes": 741284,
                                "fails": 0
                            }
                        }
                    }
                },
                "checks": {
                    "is status 200": {
                        "name": "is status 200",
                        "path": "::subscriber::is status 200",
                        "id": "96fdc221e3cd9ed60329154e5bb89f28",
                        "passes": 1800,
                        "fails": 0
                    }
                }
            }
        },
        "checks": {}
    }
}
