{
    "metrics": {
        "checks": {
            "fails": 0,
            "passes": 1112338,
            "thresholds": {
                "rate >= 0.9999": false
            },
            "value": 0
        },
        "data_received": {
            "count": 255018745,
            "rate": 1050124.2919055023
        },
        "data_sent": {
            "count": 179388598,
            "rate": 738692.0692856159
        },
        "dsps_fetched_messages": {
            "count": 369852,
            "rate": 1522.9883184070798,
            "thresholds": {
                "count >= 129600": false
            }
        },
        "dsps_msg_delay_ms": {
            "avg": 23.980551680131512,
            "max": 348,
            "med": 28,
            "min": 5,
            "p(90)": 36,
            "p(95)": 37
        },
        "dsps_ttfb_ms_ack": {
            "avg": 4.661217055975091,
            "max": 57.03381,
            "med": 4.8754295,
            "min": 0.902055,
            "p(90)": 5.7147394,
            "p(95)": 6.247352149999999
        },
        "dsps_ttfb_ms_publish": {
            "avg": 6.633644237211745,
            "max": 66.557579,
            "med": 6.854817,
            "min": 3.794918,
            "p(90)": 7.8872726,
            "p(95)": 8.126965
        },
        "group_duration": {
            "avg": 375.9471752633196,
            "max": 3017.140476,
            "med": 29.8251125,
            "min": 0.000272,
            "p(90)": 990.8822561000001,
            "p(95)": 1015.85747655
        },
        "http_req_blocked": {
            "avg": 0.003983502656373548,
            "max": 25.669762,
            "med": 0.001619,
            "min": 0.000736,
            "p(90)": 0.002482,
            "p(95)": 0.002893
        },
        "http_req_connecting": {
            "avg": 0.002120689391978462,
            "max": 25.633946,
            "med": 0,
            "min": 0,
            "p(90)": 0,
            "p(95)": 0
        },
        "http_req_duration": {
            "avg": 199.10756833053608,
            "max": 3006.989699,
            "med": 6.0855195,
            "min": 0.932378,
            "p(90)": 963.5871999999999,
            "p(95)": 966.38033825
        },
        "http_req_receiving": {
            "avg": 0.023706802352556917,
            "max": 5.500164,
            "med": 0.021916,
            "min": 0.0077,
            "p(90)": 0.031926,
            "p(95)": 0.03661025
        },
        "http_req_sending": {
            "avg": 0.010072351409722114,
            "max": 2.856622,
            "med": 0.008687,
            "min": 0.004383,
            "p(90)": 0.01411,
            "p(95)": 0.016594
        },
        "http_req_tls_handshaking": {
            "avg": 0,
            "max": 0,
            "med": 0,
            "min": 0,
            "p(90)": 0,
            "p(95)": 0
        },
        "http_req_waiting": {
            "avg": 199.07378917678085,
            "max": 3006.956457,
            "med": 6.051607,
            "min": 0.902055,
            "p(90)": 963.5497105,
            "p(95)": 966.3434995
        },
        "http_reqs": {
            "count": 618136,
            "rate": 2545.3800633412247
        },
        "iteration_duration": {
            "avg": 587.5044628025835,
            "max": 3017.156537,
            "med": 984.790838,
            "min": 0.484759,
            "p(90)": 1019.5660118,
            "p(95)": 1021.7981347
        },
        "iterations": {
            "count": 288382,
            "rate": 1187.5085635304674
        },
        "vus": {
            "max": 800,
            "min": 12,
            "value": 12
        },
        "vus_max": {
            "max": 800,
            "min": 800,
            "value": 800
        }
    },
    "root_group": {
        "name": "",
        "path": "",
        "id": "d41d8cd98f00b204e9800998ecf8427e",
        "groups": {
            "publisher": {
                "name": "publisher",
                "path": "::publisher",
                "id": "42834ed9b0fab346fb485eef504a199e",
                "groups": {},
                "checks": {
                    "is status 200": {
                        "name": "is status 200",
                        "path": "::publisher::is status 200",
                        "id": "033b4844056b121c9936aedc4ab12017",
                        "passes": 123843,
                        "fails": 0
                    }
                }
            },
            "setup": {
                "name": "setup",
                "path": "::setup",
                "id": "5c0f8025f7e0b6654089e5b00e950f1a",
                "groups": {},
                "checks": {}
            },
            "subscriber": {
                "name": "subscriber",
                "path": "::subscriber",
                "id": "8cd2fe283a36cc055d74315ba7db7039",
                "groups": {
                    "ack": {
                        "name": "ack",
                        "path": "::subscriber::ack",
                        "id": "896b291f5e9f4a0b4a9d63c5bd0aa610",
                        "groups": {},
                        "checks": {
                            "is status 204": {
                                "name": "is status 204",
                                "path": "::subscriber::ack::is status 204",
                                "id": "1675e96687d722c0ea932d5d2fbfd93f",
                                "passes": 246592,
                                "fails": 0
                            }
                        }
                    },
                    "fetch": {
                        "name": "fetch",
                        "path": "::subscriber::fetch",
                        "id": "219dd6d5879771ae4590fb2c3826ad84",
                        "groups": {},
                        "checks": {
                            "has messages array": {
                                "name": "has messages array",
                                "path": "::subscriber::fetch::has messages array",
                                "id": "8bcfe7144bfdfba71334cca76e6453c6",
                                "passes": 247101,
                                "fails": 0
                            },
                            "is status 200": {
                                "name": "is status 200",
                                "path": "::subscriber::fetch::is status 200",
                                "id": "bee4378527eb142a3168d665c6ac821a",
                                "passes": 247101,
                                "fails": 0
                            },
                            "returns valid JSON": {
                                "name": "returns valid JSON",
                                "path": "::subscriber::fetch::returns valid JSON",
                                "id": "541e2ba22921f61f022df6b245104ee6",
                                "passes": 247101,
                                "fails": 0
                            }
                        }
                    }
                },
                "checks": {
                    "is status 200": {
                        "name": "is status 200",
                        "path": "::subscriber::is status 200",
                        "id": "96fdc221e3cd9ed60329154e5bb89f28",
                        "passes": 600,
                        "fails": 0
                    }
                }
            }
        },
        "checks": {}
    }
}
