{
    "metrics": {
        "checks": {
            "fails": 0,
            "passes": 2346697,
            "thresholds": {
                "rate >= 0.9999": false
            },
            "value": 0
        },
        "data_received": {
            "count": 539053486,
            "rate": 2218747.3969312874
        },
        "data_sent": {
            "count": 376348135,
            "rate": 1549051.191686746
        },
        "dsps_fetched_messages": {
            "count": 835700,
            "rate": 3439.746236267688,
            "thresholds": {
                "count >= 583200": false
            }
        },
        "dsps_msg_delay_ms": {
            "avg": 1032.8510063419888,
            "max": 7903,
            "med": 835,
            "min": 3,
            "p(90)": 2343,
            "p(95)": 2999
        },
        "dsps_ttfb_ms_ack": {
            "avg": 191.2216285479183,
            "max": 1596.98003,
            "med": 5.608775,
            "min": 0.609324,
            "p(90)": 990.739871,
            "p(95)": 1149.030362
        },
        "dsps_ttfb_ms_publish": {
            "avg": 367.73317454389655,
            "max": 2643.22399,
            "med": 7.7149995,
            "min": 3.772703,
            "p(90)": 1911.570335,
            "p(95)": 2069.80585575
        },
        "group_duration": {
            "avg": 805.8747647838177,
            "max": 7783.331644,
            "med": 286.913358,
            "min": 0.000224,
            "p(90)": 2253.631929300001,
            "p(95)": 2951.792418
        },
        "http_req_blocked": {
            "avg": 0.0067855740457000375,
            "max": 34.202686,
            "med": 0.001878,
            "min": 0.000728,
            "p(90)": 0.002967,
            "p(95)": 0.003664
        },
        "http_req_connecting": {
            "avg": 0.004404932218738362,
            "max": 26.048989,
            "med": 0,
            "min": 0,
            "p(90)": 0,
            "p(95)": 0
        },
        "http_req_duration": {
            "avg": 504.7856827914119,
            "max": 6732.862285,
            "med": 14.967268,
            "min": 0.63829,
            "p(90)": 1881.787356,
            "p(95)": 2168.9512828
        },
        "http_req_receiving": {
            "avg": 0.02601547018402242,
            "max": 44.901789,
            "med": 0.022331,
            "min": 0.007834,
            "p(90)": 0.035635,
            "p(95)": 0.041938
        },
        "http_req_sending": {
            "avg": 0.015071507545982939,
            "max": 34.009872,
            "med": 0.008812,
            "min": 0.0044,
            "p(90)": 0.015483,
            "p(95)": 0.021071
        },
        "http_req_tls_handshaking": {
            "avg": 0,
            "max": 0,
            "med": 0,
            "min": 0,
            "p(90)": 0,
            "p(95)": 0
        },
        "http_req_waiting": {
            "avg": 504.7445958136646,
            "max": 6732.797775,
            "med": 14.900089,
            "min": 0.609324,
            "p(90)": 1881.7303388000003,
            "p(95)": 2168.925575
        },
        "http_reqs": {
            "count": 1308577,
            "rate": 5386.1108180165875
        },
        "iteration_duration": {
            "avg": 1249.7740375260128,
            "max": 7783.347367,
            "med": 1021.691904,
            "min": 0.544986,
            "p(90)": 2967.049661,
            "p(95)": 3206.5036116000006
        },
        "iterations": {
            "count": 609272,
            "rate": 2507.7672237205775
        },
        "vus": {
            "max": 3600,
            "min": 39,
            "value": 39
        },
        "vus_max": {
            "max": 3600,
            "min": 3600,
            "value": 3600
        }
    },
    "root_group": {
        "name": "",
        "path": "",
        "id": "d41d8cd98f00b204e9800998ecf8427e",
        "groups": {
            "publisher": {
                "name": "publisher",
                "path": "::publisher",
                "id": "42834ed9b0fab346fb485eef504a199e",
                "groups": {},
                "checks": {
                    "is status 200": {
                        "name": "is status 200",
                        "path": "::publisher::is status 200",
                        "id": "033b4844056b121c9936aedc4ab12017",
                        "passes": 270636,
                        "fails": 0
                    }
                }
            },
            "setup": {
                "name": "setup",
                "path": "::setup",
                "id": "5c0f8025f7e0b6654089e5b00e950f1a",
                "groups": {},
                "checks": {}
            },
            "subscriber": {
                "name": "subscriber",
                "path": "::subscriber",
                "id": "8cd2fe283a36cc055d74315ba7db7039",
                "groups": {
                    "ack": {
                        "name": "ack",
                        "path": "::subscriber::ack",
                        "id": "896b291f5e9f4a0b4a9d63c5bd0aa610",
                        "groups": {},
                        "checks": {
                            "is status 204": {
                                "name": "is status 204",
                                "path": "::subscriber::ack::is status 204",
                                "id": "1675e96687d722c0ea932d5d2fbfd93f",
                                "passes": 516181,
                                "fails": 0
                            }
                        }
                    },
                    "fetch": {
                        "name": "fetch",
                        "path": "::subscriber::fetch",
                        "id": "219dd6d5879771ae4590fb2c3826ad84",
                        "groups": {},
                        "checks": {
                            "has messages array": {
                                "name": "has messages array",
                                "path": "::subscriber::fetch::has messages array",
                                "id": "8bcfe7144bfdfba71334cca76e6453c6",
                                "passes": 519060,
                                "fails": 0
                            },
                            "is status 200": {
                                "name": "is status 200",
                                "path": "::subscriber::fetch::is status 200",
                                "id": "bee4378527eb142a3168d665c6ac821a",
                                "passes": 519060,
                                "fails": 0
                            },
                            "returns valid JSON": {
                                "name": "returns valid JSON",
                                "path": "::subscriber::fetch::returns valid JSON",
                                "id": "541e2ba22921f61f022df6b245104ee6",
                                "passes": 519060,
                                "fails": 0
                            }
                        }
                    }
                },
                "checks": {
                    "is status 200": {
                        "name": "is status 200",
                        "path": "::subscriber::is status 200",
                        "id": "96fdc221e3cd9ed60329154e5bb89f28",
                        "passes": 2700,
                        "fails": 0
                    }
                }
            }
        },
        "checks": {}
    }
}
