{
    "metrics": {
        "checks": {
            "fails": 0,
            "passes": 556497,
            "thresholds": {
                "rate >= 0.9999": false
            },
            "value": 0
        },
        "data_received": {
            "count": 127462897,
            "rate": 525653.8519204592
        },
        "data_sent": {
            "count": 89551592,
            "rate": 369308.5626353634
        },
        "dsps_fetched_messages": {
            "count": 185042,
            "rate": 763.1086563728863,
            "thresholds": {
                "count >= 64800": false
            }
        },
        "dsps_msg_delay_ms": {
            "avg": 24.036062083202733,
            "max": 349,
            "med": 28,
            "min": 4,
            "p(90)": 36,
            "p(95)": 37
        },
        "dsps_ttfb_ms_ack": {
            "avg": 4.666346064877101,
            "max": 31.653382,
            "med": 4.903163,
            "min": 2.131829,
            "p(90)": 5.706632600000001,
            "p(95)": 6.2366351
        },
        "dsps_ttfb_ms_publish": {
            "avg": 6.550955045588707,
            "max": 39.779972,
            "med": 6.832786,
            "min": 3.780651,
            "p(90)": 7.855269600000001,
            "p(95)": 8.0594708
        },
        "group_duration": {
            "avg": 375.3827636697489,
            "max": 3028.690734,
            "med": 29.82813,
            "min": 0.000284,
            "p(90)": 990.6331543,
            "p(95)": 1015.45793985
        },
        "http_req_blocked": {
            "avg": 0.0038402953767262896,
            "max": 26.094311,
            "med": 0.001519,
            "min": 0.000749,
            "p(90)": 0.002288,
            "p(95)": 0.002651
        },
        "http_req_connecting": {
            "avg": 0.002095753420006918,
            "max": 26.05698,
            "med": 0,
            "min": 0,
            "p(90)": 0,
            "p(95)": 0
        },
        "http_req_duration": {
            "avg": 198.6861095810373,
            "max": 3018.493316,
            "med": 5.975078,
            "min": 2.159718,
            "p(90)": 963.320243,
            "p(95)": 966.1447223
        },
        "http_req_receiving": {
            "avg": 0.023632867221929352,
            "max": 1.923172,
            "med": 0.02243,
            "min": 0.007936,
            "p(90)": 0.031096,
            "p(95)": 0.034355
        },
        "http_req_sending": {
            "avg": 0.009878188445533773,
            "max": 1.026301,
            "med": 0.00913,
            "min": 0.004345,
            "p(90)": 0.013853,
            "p(95)": 0.015474899999999965
        },
        "http_req_tls_handshaking": {
            "avg": 0,
            "max": 0,
            "med": 0,
            "min": 0,
            "p(90)": 0,
            "p(95)": 0
        },
        "http_req_waiting": {
            "avg": 198.65259852537415,
            "max": 3018.457923,
            "med": 5.942279,
            "min": 2.131829,
            "p(90)": 963.281421,
            "p(95)": 966.1088761999999
        },
        "http_reqs": {
            "count": 309283,
            "rate": 1275.475484316941
        },
        "iteration_duration": {
            "avg": 586.7251404861371,
            "max": 3028.708125,
            "med": 984.501072,
            "min": 0.091409,
            "p(90)": 1019.278509,
            "p(95)": 1021.5671645
        },
        "iterations": {
            "count": 144270,
            "rate": 594.9659312746096
        },
        "vus": {
            "max": 400,
            "min": 5,
            "value": 5
        },
        "vus_max": {
            "max": 400,
            "min": 400,
            "value": 400
        }
    },
    "root_group": {
        "name": "",
        "path": "",
        "id": "d41d8cd98f00b204e9800998ecf8427e",
        "groups": {
            "publisher": {
                "name": "publisher",
                "path": "::publisher",
                "id": "42834ed9b0fab346fb485eef504a199e",
                "groups": {},
                "checks": {
                    "is status 200": {
                        "name": "is status 200",
                        "path": "::publisher::is status 200",
                        "id": "033b4844056b121c9936aedc4ab12017",
                        "passes": 61989,
                        "fails": 0
                    }
                }
            },
            "setup": {
                "name": "setup",
                "path": "::setup",
                "id": "5c0f8025f7e0b6654089e5b00e950f1a",
                "groups": {},
                "checks": {}
            },
            "subscriber": {
                "name": "subscriber",
                "path": "::subscriber",
                "id": "8cd2fe283a36cc055d74315ba7db7039",
                "groups": {
                    "ack": {
                        "name": "ack",
                        "path": "::subscriber::ack",
                        "id": "896b291f5e9f4a0b4a9d63c5bd0aa610",
                        "groups": {},
                        "checks": {
                            "is status 204": {
                                "name": "is status 204",
                                "path": "::subscriber::ack::is status 204",
                                "id": "1675e96687d722c0ea932d5d2fbfd93f",
                                "passes": 123387,
                                "fails": 0
                            }
                        }
                    },
                    "fetch": {
                        "name": "fetch",
                        "path": "::subscriber::fetch",
                        "id": "219dd6d5879771ae4590fb2c3826ad84",
                        "groups": {},
                        "checks": {
                            "has messages array": {
                                "name": "has messages array",
                                "path": "::subscriber::fetch::has messages array",
                                "id": "8bcfe7144bfdfba71334cca76e6453c6",
                                "passes": 123607,
                                "fails": 0
                            },
                            "is status 200": {
                                "name": "is status 200",
                                "path": "::subscriber::fetch::is status 200",
                                "id": "bee4378527eb142a3168d665c6ac821a",
                                "passes": 123607,
                                "fails": 0
                            },
                            "returns valid JSON": {
                                "name": "returns valid JSON",
                                "path": "::subscriber::fetch::returns valid JSON",
                                "id": "541e2ba22921f61f022df6b245104ee6",
                                "passes": 123607,
                                "fails": 0
                            }
                        }
                    }
                },
                "checks": {
                    "is status 200": {
                        "name": "is status 200",
                        "path": "::subscriber::is status 200",
                        "id": "96fdc221e3cd9ed60329154e5bb89f28",
                        "passes": 300,
                        "fails": 0
                    }
                }
            }
        },
        "checks": {}
    }
}
