{
    "metrics": {
        "checks": {
            "fails": 0,
            "passes": 5468921,
            "thresholds": {
                "rate >= 0.9999": false
            },
            "value": 0
        },
        "data_received": {
            "count": 1252116448,
            "rate": 5157351.192432633
        },
        "data_sent": {
            "count": 883714900,
            "rate": 3639939.480521451
        },
        "dsps_fetched_messages": {
            "count": 1795228,
            "rate": 7394.3771613871895,
            "thresholds": {
                "count >= 648000": false
            }
        },
        "dsps_msg_delay_ms": {
            "avg": 44.95114603827481,
            "max": 2188,
            "med": 32,
            "min": 4,
            "p(90)": 80,
            "p(95)": 130
        },
        "dsps_ttfb_ms_ack": {
            "avg": 10.09110985935202,
            "max": 369.414326,
            "med": 5.2574845,
            "min": 0.619913,
            "p(90)": 21.2721885,
            "p(95)": 39.275780999999995
        },
        "dsps_ttfb_ms_publish": {
            "avg": 13.65264839292902,
            "max": 363.252809,
            "med": 7.278856,
            "min": 3.789704,
            "p(90)": 28.78056920000003,
            "p(95)": 51.02834920000002
        },
        "group_duration": {
            "avg": 380.66516125712195,
            "max": 3343.701473,
            "med": 33.448838,
            "min": 0.000207,
            "p(90)": 1006.6420862,
            "p(95)": 1027.9177778
        },
        "http_req_blocked": {
            "avg": 0.00476928107984889,
            "max": 111.423013,
            "med": 0.002039,
            "min": 0.000741,
            "p(90)": 0.003635,
            "p(95)": 0.004261
        },
        "http_req_connecting": {
            "avg": 0.00209737453797806,
            "max": 25.678737,
            "med": 0,
            "min": 0,
            "p(90)": 0,
            "p(95)": 0
        },
        "http_req_duration": {
            "avg": 202.83895475483737,
            "max": 3231.707684,
            "med": 7.255745,
            "min": 0.653483,
            "p(90)": 962.7711568,
            "p(95)": 972.2191748
        },
        "http_req_receiving": {
            "avg": 0.04192733204169234,
            "max": 413.328049,
            "med": 0.022138,
            "min": 0.007808,
            "p(90)": 0.038218,
            "p(95)": 0.045593
        },
        "http_req_sending": {
            "avg": 0.06583473987064448,
            "max": 62.033297,
            "med": 0.009598,
            "min": 0.004418,
            "p(90)": 0.021581,
            "p(95)": 0.031615399999999905
        },
        "http_req_tls_handshaking": {
            "avg": 0,
            "max": 0,
            "med": 0,
            "min": 0,
            "p(90)": 0,
            "p(95)": 0
        },
        "http_req_waiting": {
            "avg": 202.73119268294724,
            "max": 3231.656386,
            "med": 7.201847,
            "min": 0.619913,
            "p(90)": 962.7152078,
            "p(95)": 972.1187468
        },
        "http_reqs": {
            "count": 3032053,
            "rate": 12488.744301735218
        },
        "iteration_duration": {
            "avg": 598.0205466802673,
            "max": 3353.999839,
            "med": 960.5620875,
            "min": 0.08155,
            "p(90)": 1032.505558,
            "p(95)": 1073.1702237499999
        },
        "iterations": {
            "count": 1416725,
            "rate": 5835.35850820412
        },
        "vus": {
            "max": 4000,
            "min": 60,
            "value": 60
        },
        "vus_max": {
            "max": 4000,
            "min": 4000,
            "value": 4000
        }
    },
    "root_group": {
        "name": "",
        "path": "",
        "id": "d41d8cd98f00b204e9800998ecf8427e",
        "groups": {
            "publisher": {
                "name": "publisher",
                "path": "::publisher",
                "id": "42834ed9b0fab346fb485eef504a199e",
                "groups": {},
                "checks": {
                    "is status 200": {
                        "name": "is status 200",
                        "path": "::publisher::is status 200",
                        "id": "033b4844056b121c9936aedc4ab12017",
                        "passes": 594873,
                        "fails": 0
                    }
                }
            },
            "setup": {
                "name": "setup",
                "path": "::setup",
                "id": "5c0f8025f7e0b6654089e5b00e950f1a",
                "groups": {},
                "checks": {}
            },
            "subscriber": {
                "name": "subscriber",
                "path": "::subscriber",
                "id": "8cd2fe283a36cc055d74315ba7db7039",
                "groups": {
                    "ack": {
                        "name": "ack",
                        "path": "::subscriber::ack",
                        "id": "896b291f5e9f4a0b4a9d63c5bd0aa610",
                        "groups": {},
                        "checks": {
                            "is status 204": {
                                "name": "is status 204",
                                "path": "::subscriber::ack::is status 204",
                                "id": "1675e96687d722c0ea932d5d2fbfd93f",
                                "passes": 1215746,
                                "fails": 0
                            }
                        }
                    },
                    "fetch": {
                        "name": "fetch",
                        "path": "::subscriber::fetch",
                        "id": "219dd6d5879771ae4590fb2c3826ad84",
                        "groups": {},
                        "checks": {
                            "has messages array": {
                                "name": "has messages array",
                                "path": "::subscriber::fetch::has messages array",
                                "id": "8bcfe7144bfdfba71334cca76e6453c6",
                                "passes": 1218434,
                                "fails": 0
                            },
                            "is status 200": {
                                "name": "is status 200",
                                "path": "::subscriber::fetch::is status 200",
                                "id": "bee4378527eb142a3168d665c6ac821a",
                                "passes": 1218434,
                                "fails": 0
                            },
                            "returns valid JSON": {
                                "name": "returns valid JSON",
                                "path": "::subscriber::fetch::returns valid JSON",
                                "id": "541e2ba22921f61f022df6b245104ee6",
                                "passes": 1218434,
                                "fails": 0
                            }
                        }
                    }
                },
                "checks": {
                    "is status 200": {
                        "name": "is status 200",
                        "path": "::subscriber::is status 200",
                        "id": "96fdc221e3cd9ed60329154e5bb89f28",
                        "passes": 3000,
                        "fails": 0
                    }
                }
            }
        },
        "checks": {}
    }
}
