{
    "metrics": {
        "checks": {
            "fails": 0,
            "passes": 2343971,
            "thresholds": {
                "rate >= 0.9999": false
            },
            "value": 0
        },
        "data_received": {
            "count": 541908146,
            "rate": 2231378.145625325
        },
        "data_sent": {
            "count": 377584622,
            "rate": 1554754.3986448937
        },
        "dsps_fetched_messages": {
            "count": 853651,
            "rate": 3515.02039497152,
            "thresholds": {
                "count >= 648000": false
            }
        },
        "dsps_msg_delay_ms": {
            "avg": 1156.8975529812535,
            "max": 8172,
            "med": 951,
            "min": 3,
            "p(90)": 2602,
            "p(95)": 3329
        },
        "dsps_ttfb_ms_ack": {
            "avg": 218.1474574830771,
            "max": 2491.2014,
            "med": 6.070283,
            "min": 0.602823,
            "p(90)": 1165.7227225000001,
            "p(95)": 1291.9637177500001
        },
        "dsps_ttfb_ms_publish": {
            "avg": 420.2921312122127,
            "max": 3777.186462,
            "med": 8.029535,
            "min": 3.768789,
            "p(90)": 2163.9895718000002,
            "p(95)": 2362.0008164999995
        },
        "group_duration": {
            "avg": 897.4690214601712,
            "max": 8813.863459,
            "med": 254.972006,
            "min": 0.000233,
            "p(90)": 2535.628933400001,
            "p(95)": 3222.182826399998
        },
        "http_req_blocked": {
            "avg": 0.0072212846509241355,
            "max": 29.410652,
            "med": 0.001912,
            "min": 0.000778,
            "p(90)": 0.003004,
            "p(95)": 0.003727
        },
        "http_req_connecting": {
            "avg": 0.0049079722768181145,
            "max": 29.38225,
            "med": 0,
            "min": 0,
            "p(90)": 0,
            "p(95)": 0
        },
        "http_req_duration": {
            "avg": 566.4143003906161,
            "max": 7469.099558,
            "med": 22.145616,
            "min": 0.624624,
            "p(90)": 2134.252049,
            "p(95)": 2454.85779
        },
        "http_req_receiving": {
            "avg": 0.026701044082614717,
            "max": 53.345413,
            "med": 0.022514,
            "min": 0.008077,
            "p(90)": 0.035934,
            "p(95)": 0.042374
        },
        "http_req_sending": {
            "avg": 0.01609580720553854,
            "max": 51.080877,
            "med": 0.008894,
            "min": 0.004597,
            "p(90)": 0.015686,
            "p(95)": 0.021483
        },
        "http_req_tls_handshaking": {
            "avg": 0,
            "max": 0,
            "med": 0,
            "min": 0,
            "p(90)": 0,
            "p(95)": 0
        },
        "http_req_waiting": {
            "avg": 566.3715035392885,
            "max": 7469.068413,
            "med": 22.088131,
            "min": 0.602823,
            "p(90)": 2134.208479,
            "p(95)": 2454.7964975
        },
        "http_reqs": {
            "count": 1310131,
            "rate": 5394.636900893261
        },
        "iteration_duration": {
            "avg": 1386.4332134194522,
            "max": 8813.879131,
            "med": 1041.1526875,
            "min": 0.496224,
            "p(90)": 3258.314878,
            "p(95)": 3536.028647
        },
        "iterations": {
            "count": 610185,
            "rate": 2512.517082163199
        },
        "vus": {
            "max": 4000,
            "min": 63,
            "value": 63
        },
        "vus_max": {
            "max": 4000,
            "min": 4000,
            "value": 4000
        }
    },
    "root_group": {
        "name": "",
        "path": "",
        "id": "d41d8cd98f00b204e9800998ecf8427e",
        "groups": {
            "publisher": {
                "name": "publisher",
                "path": "::publisher",
                "id": "42834ed9b0fab346fb485eef504a199e",
                "groups": {},
                "checks": {
                    "is status 200": {
                        "name": "is status 200",
                        "path": "::publisher::is status 200",
                        "id": "033b4844056b121c9936aedc4ab12017",
                        "passes": 279795,
                        "fails": 0
                    }
                }
            },
            "setup": {
                "name": "setup",
                "path": "::setup",
                "id": "5c0f8025f7e0b6654089e5b00e950f1a",
                "groups": {},
                "checks": {}
            },
            "subscriber": {
                "name": "subscriber",
                "path": "::subscriber",
                "id": "8cd2fe283a36cc055d74315ba7db7039",
                "groups": {
                    "ack": {
                        "name": "ack",
                        "path": "::subscriber::ack",
                        "id": "896b291f5e9f4a0b4a9d63c5bd0aa610",
                        "groups": {},
                        "checks": {
                            "is status 204": {
                                "name": "is status 204",
                                "path": "::subscriber::ack::is status 204",
                                "id": "1675e96687d722c0ea932d5d2fbfd93f",
                                "passes": 510416,
                                "fails": 0
                            }
                        }
                    },
                    "fetch": {
                        "name": "fetch",
                        "path": "::subscriber::fetch",
                        "id": "219dd6d5879771ae4590fb2c3826ad84",
                        "groups": {},
                        "checks": {
                            "has messages array": {
                                "name": "has messages array",
                                "path": "::subscriber::fetch::has messages array",
                                "id": "8bcfe7144bfdfba71334cca76e6453c6",
                                "passes": 516920,
                                "fails": 0
                            },
                            "is status 200": {
                                "name": "is status 200",
                                "path": "::subscriber::fetch::is status 200",
                                "id": "bee4378527eb142a3168d665c6ac821a",
                                "passes": 516920,
                                "fails": 0
                            },
                            "returns valid JSON": {
                                "name": "returns valid JSON",
                                "path": "::subscriber::fetch::returns valid JSON",
                                "id": "541e2ba22921f61f022df6b245104ee6",
                                "passes": 516920,
                                "fails": 0
                            }
                        }
                    }
                },
                "checks": {
                    "is status 200": {
                        "name": "is status 200",
                        "path": "::subscriber::is status 200",
                        "id": "96fdc221e3cd9ed60329154e5bb89f28",
                        "passes": 3000,
                        "fails": 0
                    }
                }
            }
        },
        "checks": {}
    }
}
