{
    "metrics": {
        "checks": {
            "fails": 0,
            "passes": 3920317,
            "thresholds": {
                "rate >= 0.9999": false
            },
            "value": 0
        },
        "data_received": {
            "count": 898446716,
            "rate": 3699122.0051425383
        },
        "data_sent": {
            "count": 633551025,
            "rate": 2608482.502325837
        },
        "dsps_fetched_messages": {
            "count": 1294721,
            "rate": 5330.678888719041,
            "thresholds": {
                "count >= 453600": false
            }
        },
        "dsps_msg_delay_ms": {
            "avg": 31.578263579566563,
            "max": 549,
            "med": 29,
            "min": 3,
            "p(90)": 50,
            "p(95)": 63
        },
        "dsps_ttfb_ms_ack": {
            "avg": 6.8635160078860125,
            "max": 152.357302,
            "med": 5.1176625,
            "min": 0.581524,
            "p(90)": 11.398364399999993,
            "p(95)": 20.97390165
        },
        "dsps_ttfb_ms_publish": {
            "avg": 9.214501158694887,
            "max": 176.843859,
            "med": 6.963421,
            "min": 3.756094,
            "p(90)": 15.136892,
            "p(95)": 26.7391395
        },
        "group_duration": {
            "avg": 373.09342146836593,
            "max": 3063.963852,
            "med": 31.557063,
            "min": 0.000264,
            "p(90)": 998.9808224000001,
            "p(95)": 1020.6080688000001
        },
        "http_req_blocked": {
            "avg": 0.004358381467589131,
            "max": 32.214911,
            "med": 0.001875,
            "min": 0.000734,
            "p(90)": 0.003272,
            "p(95)": 0.003915
        },
        "http_req_connecting": {
            "avg": 0.002040950362568858,
            "max": 32.158589,
            "med": 0,
            "min": 0,
            "p(90)": 0,
            "p(95)": 0
        },
        "http_req_duration": {
            "avg": 198.50840191808624,
            "max": 3053.795785,
            "med": 6.822252,
            "min": 0.601431,
            "p(90)": 963.2505384,
            "p(95)": 971.473911
        },
        "http_req_receiving": {
            "avg": 0.027253680905840655,
            "max": 45.74948,
            "med": 0.021639,
            "min": 0.008095,
            "p(90)": 0.03677,
            "p(95)": 0.043546
        },
        "http_req_sending": {
            "avg": 0.017282056217137708,
            "max": 36.509869,
            "med": 0.008801,
            "min": 0.004424,
            "p(90)": 0.018621,
            "p(95)": 0.02333
        },
        "http_req_tls_handshaking": {
            "avg": 0,
            "max": 0,
            "med": 0,
            "min": 0,
            "p(90)": 0,
            "p(95)": 0
        },
        "http_req_waiting": {
            "avg": 198.46386618096685,
            "max": 3053.769355,
            "med": 6.782113,
            "min": 0.581524,
            "p(90)": 963.202984,
            "p(95)": 971.419452
        },
        "http_reqs": {
            "count": 2175173,
            "rate": 8955.712304358749
        },
        "iteration_duration": {
            "avg": 584.0039051149691,
            "max": 3063.982315,
            "med": 973.083059,
            "min": 0.081013,
            "p(90)": 1022.7514732,
            "p(95)": 1033.17549445
        },
        "iterations": {
            "count": 1015849,
            "rate": 4182.495548018724
        },
        "vus": {
            "max": 2800,
            "min": 39,
            "value": 39
        },
        "vus_max": {
            "max": 2800,
            "min": 2800,
            "value": 2800
        }
    },
    "root_group": {
        "name": "",
        "path": "",
        "id": "d41d8cd98f00b204e9800998ecf8427e",
        "groups": {
            "publisher": {
                "name": "publisher",
                "path": "::publisher",
                "id": "42834ed9b0fab346fb485eef504a199e",
                "groups": {},
                "checks": {
                    "is status 200": {
                        "name": "is status 200",
                        "path": "::publisher::is status 200",
                        "id": "033b4844056b121c9936aedc4ab12017",
                        "passes": 429831,
                        "fails": 0
                    }
                }
            },
            "setup": {
                "name": "setup",
                "path": "::setup",
                "id": "5c0f8025f7e0b6654089e5b00e950f1a",
                "groups": {},
                "checks": {}
            },
            "subscriber": {
                "name": "subscriber",
                "path": "::subscriber",
                "id": "8cd2fe283a36cc055d74315ba7db7039",
                "groups": {
                    "ack": {
                        "name": "ack",
                        "path": "::subscriber::ack",
                        "id": "896b291f5e9f4a0b4a9d63c5bd0aa610",
                        "groups": {},
                        "checks": {
                            "is status 204": {
                                "name": "is status 204",
                                "path": "::subscriber::ack::is status 204",
                                "id": "1675e96687d722c0ea932d5d2fbfd93f",
                                "passes": 870670,
                                "fails": 0
                            }
                        }
                    },
                    "fetch": {
                        "name": "fetch",
                        "path": "::subscriber::fetch",
                        "id": "219dd6d5879771ae4590fb2c3826ad84",
                        "groups": {},
                        "checks": {
                            "has messages array": {
                                "name": "has messages array",
                                "path": "::subscriber::fetch::has messages array",
                                "id": "8bcfe7144bfdfba71334cca76e6453c6",
                                "passes": 872572,
                                "fails": 0
                            },
                            "is status 200": {
                                "name": "is status 200",
                                "path": "::subscriber::fetch::is status 200",
                                "id": "bee4378527eb142a3168d665c6ac821a",
                                "passes": 872572,
                                "fails": 0
                            },
                            "returns valid JSON": {
                                "name": "returns valid JSON",
                                "path": "::subscriber::fetch::returns valid JSON",
                                "id": "541e2ba22921f61f022df6b245104ee6",
                                "passes": 872572,
                                "fails": 0
                            }
                        }
                    }
                },
                "checks": {
                    "is status 200": {
                        "name": "is status 200",
                        "path": "::subscriber::is status 200",
                        "id": "96fdc221e3cd9ed60329154e5bb89f28",
                        "passes": 2100,
                        "fails": 0
                    }
                }
            }
        },
        "checks": {}
    }
}
