{
    "metrics": {
        "checks": {
            "fails": 0,
            "passes": 4496920,
            "thresholds": {
                "rate >= 0.9999": false
            },
            "value": 0
        },
        "data_received": {
            "count": 1016229359,
            "rate": 4183634.1293413024
        },
        "data_sent": {
            "count": 718704295,
            "rate": 2958776.767111862
        },
        "dsps_fetched_messages": {
            "count": 1422697,
            "rate": 5856.988554993601,
            "thresholds": {
                "count >= 583200": false
            }
        },
        "dsps_msg_delay_ms": {
            "avg": 221.16773423996818,
            "max": 3074,
            "med": 44,
            "min": 2,
            "p(90)": 720,
            "p(95)": 853
        },
        "dsps_ttfb_ms_ack": {
            "avg": 47.809172230979286,
            "max": 960.529546,
            "med": 5.353621,
            "min": 0.566027,
            "p(90)": 78.45307560000012,
            "p(95)": 397.26779595
        },
        "dsps_ttfb_ms_publish": {
            "avg": 79.6241422349385,
            "max": 1525.485356,
            "med": 7.302785,
            "min": 3.756362,
            "p(90)": 112.83182300000004,
            "p(95)": 728.1209195999999
        },
        "group_duration": {
            "avg": 416.3290892718963,
            "max": 3831.521389,
            "med": 78.739315,
            "min": 0.000209,
            "p(90)": 1037.4906565000001,
            "p(95)": 1342.29033425
        },
        "http_req_blocked": {
            "avg": 0.004850351381089236,
            "max": 31.797292,
            "med": 0.002,
            "min": 0.000751,
            "p(90)": 0.003529,
            "p(95)": 0.004164
        },
        "http_req_connecting": {
            "avg": 0.002354515072624519,
            "max": 31.76449,
            "med": 0,
            "min": 0,
            "p(90)": 0,
            "p(95)": 0
        },
        "http_req_duration": {
            "avg": 237.12314107383577,
            "max": 3501.999017,
            "med": 8.372585,
            "min": 0.592918,
            "p(90)": 956.0208266000001,
            "p(95)": 993.5167994499998
        },
        "http_req_receiving": {
            "avg": 0.03222716935845515,
            "max": 50.218631,
            "med": 0.022186,
            "min": 0.007575,
            "p(90)": 0.038394,
            "p(95)": 0.045699
        },
        "http_req_sending": {
            "avg": 0.02910484306315294,
            "max": 65.126901,
            "med": 0.009072,
            "min": 0.004394,
            "p(90)": 0.020272,
            "p(95)": 0.025702
        },
        "http_req_tls_handshaking": {
            "avg": 0,
            "max": 0,
            "med": 0,
            "min": 0,
            "p(90)": 0,
            "p(95)": 0
        },
        "http_req_waiting": {
            "avg": 237.06180906144576,
            "max": 3501.932656,
            "med": 8.312385500000001,
            "min": 0.566027,
            "p(90)": 955.9566925,
            "p(95)": 993.4417621
        },
        "http_reqs": {
            "count": 2477538,
            "rate": 10199.579889858302
        },
        "iteration_duration": {
            "avg": 656.0261300239557,
            "max": 3831.576873,
            "med": 661.118995,
            "min": 0.083162,
            "p(90)": 1292.0013545999998,
            "p(95)": 1664.7039352000002
        },
        "iterations": {
            "count": 1162284,
            "rate": 4784.914908551984
        },
        "vus": {
            "max": 3600,
            "min": 42,
            "value": 42
        },
        "vus_max": {
            "max": 3600,
            "min": 3600,
            "value": 3600
        }
    },
    "root_group": {
        "name": "",
        "path": "",
        "id": "d41d8cd98f00b204e9800998ecf8427e",
        "groups": {
            "publisher": {
                "name": "publisher",
                "path": "::publisher",
                "id": "42834ed9b0fab346fb485eef504a199e",
                "groups": {},
                "checks": {
                    "is status 200": {
                        "name": "is status 200",
                        "path": "::publisher::is status 200",
                        "id": "033b4844056b121c9936aedc4ab12017",
                        "passes": 457779,
                        "fails": 0
                    }
                }
            },
            "setup": {
                "name": "setup",
                "path": "::setup",
                "id": "5c0f8025f7e0b6654089e5b00e950f1a",
                "groups": {},
                "checks": {}
            },
            "subscriber": {
                "name": "subscriber",
                "path": "::subscriber",
                "id": "8cd2fe283a36cc055d74315ba7db7039",
                "groups": {
                    "ack": {
                        "name": "ack",
                        "path": "::subscriber::ack",
                        "id": "896b291f5e9f4a0b4a9d63c5bd0aa610",
                        "groups": {},
                        "checks": {
                            "is status 204": {
                                "name": "is status 204",
                                "path": "::subscriber::ack::is status 204",
                                "id": "1675e96687d722c0ea932d5d2fbfd93f",
                                "passes": 1007368,
                                "fails": 0
                            }
                        }
                    },
                    "fetch": {
                        "name": "fetch",
                        "path": "::subscriber::fetch",
                        "id": "219dd6d5879771ae4590fb2c3826ad84",
                        "groups": {},
                        "checks": {
                            "has messages array": {
                                "name": "has messages array",
                                "path": "::subscriber::fetch::has messages array",
                                "id": "8bcfe7144bfdfba71334cca76e6453c6",
                                "passes": 1009691,
                                "fails": 0
                            },
                            "is status 200": {
                                "name": "is status 200",
                                "path": "::subscriber::fetch::is status 200",
                                "id": "bee4378527eb142a3168d665c6ac821a",
                                "passes": 1009691,
                                "fails": 0
                            },
                            "returns valid JSON": {
                                "name": "returns valid JSON",
                                "path": "::subscriber::fetch::returns valid JSON",
                                "id": "541e2ba22921f61f022df6b245104ee6",
                                "passes": 1009691,
                                "fails": 0
                            }
                        }
                    }
                },
                "checks": {
                    "is status 200": {
                        "name": "is status 200",
                        "path": "::subscriber::is status 200",
                        "id": "96fdc221e3cd9ed60329154e5bb89f28",
                        "passes": 2700,
                        "fails": 0
                    }
                }
            }
        },
        "checks": {}
    }
}
