{
    "metrics": {
        "checks": {
            "fails": 0,
            "passes": 2374894,
            "thresholds": {
                "rate >= 0.9999": false
            },
            "value": 0
        },
        "data_received": {
            "count": 534363023,
            "rate": 2202791.364634657
        },
        "data_sent": {
            "count": 377761327,
            "rate": 1557236.098292918
        },
        "dsps_fetched_messages": {
            "count": 746147,
            "rate": 3075.8231718964867,
            "thresholds": {
                "count >= 324000": false
            }
        },
        "dsps_msg_delay_ms": {
            "avg": 296.23898507934763,
            "max": 3228,
            "med": 95,
            "min": 3,
            "p(90)": 731,
            "p(95)": 920
        },
        "dsps_ttfb_ms_ack": {
            "avg": 68.61841653624273,
            "max": 948.306853,
            "med": 5.5077359999999995,
            "min": 0.595825,
            "p(90)": 316.67660220000005,
            "p(95)": 391.9946775499999
        },
        "dsps_ttfb_ms_publish": {
            "avg": 110.59083998877242,
            "max": 1150.749391,
            "med": 7.68828,
            "min": 3.770421,
            "p(90)": 567.6838526,
            "p(95)": 616.8130009999999
        },
        "group_duration": {
            "avg": 437.65780129209384,
            "max": 3578.600776,
            "med": 264.9072265,
            "min": 0.000221,
            "p(90)": 1086.4378036000003,
            "p(95)": 1455.96212625
        },
        "http_req_blocked": {
            "avg": 0.004698205517052754,
            "max": 45.377276,
            "med": 0.001831,
            "min": 0.000723,
            "p(90)": 0.002935,
            "p(95)": 0.003626
        },
        "http_req_connecting": {
            "avg": 0.0024321920456076705,
            "max": 24.105334,
            "med": 0,
            "min": 0,
            "p(90)": 0,
            "p(95)": 0
        },
        "http_req_duration": {
            "avg": 255.30400232650385,
            "max": 3568.462559,
            "med": 15.2575655,
            "min": 0.619918,
            "p(90)": 939.3137675,
            "p(95)": 1022.2789545
        },
        "http_req_receiving": {
            "avg": 0.026843921145917906,
            "max": 29.473811,
            "med": 0.022074,
            "min": 0.007792,
            "p(90)": 0.035245,
            "p(95)": 0.041575
        },
        "http_req_sending": {
            "avg": 0.0162483666537522,
            "max": 26.006334,
            "med": 0.008725,
            "min": 0.004374,
            "p(90)": 0.015462,
            "p(95)": 0.020964
        },
        "http_req_tls_handshaking": {
            "avg": 0,
            "max": 0,
            "med": 0,
            "min": 0,
            "p(90)": 0,
            "p(95)": 0
        },
        "http_req_waiting": {
            "avg": 255.26091003871707,
            "max": 3568.428548,
            "med": 15.189225,
            "min": 0.595825,
            "p(90)": 939.272363,
            "p(95)": 1022.22679
        },
        "http_reqs": {
            "count": 1306096,
            "rate": 5384.086971496654
        },
        "iteration_duration": {
            "avg": 690.4055613873155,
            "max": 3578.61766,
            "med": 635.04375,
            "min": 0.075091,
            "p(90)": 1465.5520217999997,
            "p(95)": 1637.4698856999998
        },
        "iterations": {
            "count": 613414,
            "rate": 2528.661235876726
        },
        "vus": {
            "max": 2000,
            "min": 24,
            "value": 24
        },
        "vus_max": {
            "max": 2000,
            "min": 2000,
            "value": 2000
        }
    },
    "root_group": {
        "name": "",
        "path": "",
        "id": "d41d8cd98f00b204e9800998ecf8427e",
        "groups": {
            "publisher": {
                "name": "publisher",
                "path": "::publisher",
                "id": "42834ed9b0fab346fb485eef504a199e",
                "groups": {},
                "checks": {
                    "is status 200": {
                        "name": "is status 200",
                        "path": "::publisher::is status 200",
                        "id": "033b4844056b121c9936aedc4ab12017",
                        "passes": 237045,
                        "fails": 0
                    }
                }
            },
            "setup": {
                "name": "setup",
                "path": "::setup",
                "id": "5c0f8025f7e0b6654089e5b00e950f1a",
                "groups": {},
                "checks": {}
            },
            "subscriber": {
                "name": "subscriber",
                "path": "::subscriber",
                "id": "8cd2fe283a36cc055d74315ba7db7039",
                "groups": {
                    "ack": {
                        "name": "ack",
                        "path": "::subscriber::ack",
                        "id": "896b291f5e9f4a0b4a9d63c5bd0aa610",
                        "groups": {},
                        "checks": {
                            "is status 204": {
                                "name": "is status 204",
                                "path": "::subscriber::ack::is status 204",
                                "id": "1675e96687d722c0ea932d5d2fbfd93f",
                                "passes": 533152,
                                "fails": 0
                            }
                        }
                    },
                    "fetch": {
                        "name": "fetch",
                        "path": "::subscriber::fetch",
                        "id": "219dd6d5879771ae4590fb2c3826ad84",
                        "groups": {},
                        "checks": {
                            "has messages array": {
                                "name": "has messages array",
                                "path": "::subscriber::fetch::has messages array",
                                "id": "8bcfe7144bfdfba71334cca76e6453c6",
                                "passes": 534399,
                                "fails": 0
                            },
                            "is status 200": {
                                "name": "is status 200",
                                "path": "::subscriber::fetch::is status 200",
                                "id": "bee4378527eb142a3168d665c6ac821a",
                                "passes": 534399,
                                "fails": 0
                            },
                            "returns valid JSON": {
                                "name": "returns valid JSON",
                                "path": "::subscriber::fetch::returns valid JSON",
                                "id": "541e2ba22921f61f022df6b245104ee6",
                                "passes": 534399,
                                "fails": 0
                            }
                        }
                    }
                },
                "checks": {
                    "is status 200": {
                        "name": "is status 200",
                        "path": "::subscriber::is status 200",
                        "id": "96fdc221e3cd9ed60329154e5bb89f28",
                        "passes": 1500,
                        "fails": 0
                    }
                }
            }
        },
        "checks": {}
    }
}
