{
    "metrics": {
        "checks": {
            "fails": 0,
            "passes": 4540110,
            "thresholds": {
                "rate >= 0.9999": false
            },
            "value": 0
        },
        "data_received": {
            "count": 1033797350,
            "rate": 4255951.212838685
        },
        "data_sent": {
            "count": 730860972,
            "rate": 3008818.546690858
        },
        "dsps_fetched_messages": {
            "count": 1459276,
            "rate": 6007.567597330739,
            "thresholds": {
                "count >= 518400": false
            }
        },
        "dsps_msg_delay_ms": {
            "avg": 56.545700059481554,
            "max": 1099,
            "med": 37,
            "min": 2,
            "p(90)": 105,
            "p(95)": 138
        },
        "dsps_ttfb_ms_ack": {
            "avg": 14.280676969754682,
            "max": 378.539558,
            "med": 5.400893,
            "min": 0.601488,
            "p(90)": 42.849788800000034,
            "p(95)": 59.43308239999999
        },
        "dsps_ttfb_ms_publish": {
            "avg": 18.69234226306976,
            "max": 451.908932,
            "med": 7.373637,
            "min": 3.764773,
            "p(90)": 54.900445,
            "p(95)": 73.7604904
        },
        "group_duration": {
            "avg": 367.03694254632563,
            "max": 3078.331946,
            "med": 46.977077,
            "min": 0.000233,
            "p(90)": 1019.1667106,
            "p(95)": 1049.4616681999998
        },
        "http_req_blocked": {
            "avg": 0.0045124500879680255,
            "max": 25.109982,
            "med": 0.002016,
            "min": 0.000748,
            "p(90)": 0.003539,
            "p(95)": 0.00416
        },
        "http_req_connecting": {
            "avg": 0.002035764928011531,
            "max": 25.073115,
            "med": 0,
            "min": 0,
            "p(90)": 0,
            "p(95)": 0
        },
        "http_req_duration": {
            "avg": 198.08701659644743,
            "max": 3068.190947,
            "med": 8.137038,
            "min": 0.626144,
            "p(90)": 959.3031102,
            "p(95)": 982.21845825
        },
        "http_req_receiving": {
            "avg": 0.031326711576188354,
            "max": 43.567267,
            "med": 0.022004,
            "min": 0.007934,
            "p(90)": 0.038239,
            "p(95)": 0.045394
        },
        "http_req_sending": {
            "avg": 0.023822524385042666,
            "max": 39.261884,
            "med": 0.009172,
            "min": 0.004578,
            "p(90)": 0.0204,
            "p(95)": 0.025437
        },
        "http_req_tls_handshaking": {
            "avg": 0,
            "max": 0,
            "med": 0,
            "min": 0,
            "p(90)": 0,
            "p(95)": 0
        },
        "http_req_waiting": {
            "avg": 198.03186736047203,
            "max": 3068.163545,
            "med": 8.084718500000001,
            "min": 0.601488,
            "p(90)": 959.2467602,
            "p(95)": 982.15499255
        },
        "http_reqs": {
            "count": 2508874,
            "rate": 10328.567144382256
        },
        "iteration_duration": {
            "avg": 577.0902110319029,
            "max": 3092.918415,
            "med": 907.4834265,
            "min": 0.548542,
            "p(90)": 1057.882043,
            "p(95)": 1088.80912295
        },
        "iterations": {
            "count": 1174761,
            "rate": 4836.272314632637
        },
        "vus": {
            "max": 3200,
            "min": 51,
            "value": 51
        },
        "vus_max": {
            "max": 3200,
            "min": 3200,
            "value": 3200
        }
    },
    "root_group": {
        "name": "",
        "path": "",
        "id": "d41d8cd98f00b204e9800998ecf8427e",
        "groups": {
            "publisher": {
                "name": "publisher",
                "path": "::publisher",
                "id": "42834ed9b0fab346fb485eef504a199e",
                "groups": {},
                "checks": {
                    "is status 200": {
                        "name": "is status 200",
                        "path": "::publisher::is status 200",
                        "id": "033b4844056b121c9936aedc4ab12017",
                        "passes": 477429,
                        "fails": 0
                    }
                }
            },
            "setup": {
                "name": "setup",
                "path": "::setup",
                "id": "5c0f8025f7e0b6654089e5b00e950f1a",
                "groups": {},
                "checks": {}
            },
            "subscriber": {
                "name": "subscriber",
                "path": "::subscriber",
                "id": "8cd2fe283a36cc055d74315ba7db7039",
                "groups": {
                    "ack": {
                        "name": "ack",
                        "path": "::subscriber::ack",
                        "id": "896b291f5e9f4a0b4a9d63c5bd0aa610",
                        "groups": {},
                        "checks": {
                            "is status 204": {
                                "name": "is status 204",
                                "path": "::subscriber::ack::is status 204",
                                "id": "1675e96687d722c0ea932d5d2fbfd93f",
                                "passes": 1013427,
                                "fails": 0
                            }
                        }
                    },
                    "fetch": {
                        "name": "fetch",
                        "path": "::subscriber::fetch",
                        "id": "219dd6d5879771ae4590fb2c3826ad84",
                        "groups": {},
                        "checks": {
                            "has messages array": {
                                "name": "has messages array",
                                "path": "::subscriber::fetch::has messages array",
                                "id": "8bcfe7144bfdfba71334cca76e6453c6",
                                "passes": 1015618,
                                "fails": 0
                            },
                            "is status 200": {
                                "name": "is status 200",
                                "path": "::subscriber::fetch::is status 200",
                                "id": "bee4378527eb142a3168d665c6ac821a",
                                "passes": 1015618,
                                "fails": 0
                            },
                            "returns valid JSON": {
                                "name": "returns valid JSON",
                                "path": "::subscriber::fetch::returns valid JSON",
                                "id": "541e2ba22921f61f022df6b245104ee6",
                                "passes": 1015618,
                                "fails": 0
                            }
                        }
                    }
                },
                "checks": {
                    "is status 200": {
                        "name": "is status 200",
                        "path": "::subscriber::is status 200",
                        "id": "96fdc221e3cd9ed60329154e5bb89f28",
                        "passes": 2400,
                        "fails": 0
                    }
                }
            }
        },
        "checks": {}
    }
}
