{
    "metrics": {
        "checks": {
            "fails": 0,
            "passes": 2224582,
            "thresholds": {
                "rate >= 0.9999": false
            },
            "value": 0
        },
        "data_received": {
            "count": 510622973,
            "rate": 2101793.091832861
        },
        "data_sent": {
            "count": 359611798,
            "rate": 1480210.7087688635
        },
        "dsps_fetched_messages": {
            "count": 739696,
            "rate": 3044.688596210887,
            "thresholds": {
                "count >= 259200": false
            }
        },
        "dsps_msg_delay_ms": {
            "avg": 24.21538442819753,
            "max": 374,
            "med": 28,
            "min": 5,
            "p(90)": 36,
            "p(95)": 37
        },
        "dsps_ttfb_ms_ack": {
            "avg": 4.732601946767239,
            "max": 46.308559,
            "med": 4.899392,
            "min": 0.728096,
            "p(90)": 5.8484394,
            "p(95)": 6.316620999999999
        },
        "dsps_ttfb_ms_publish": {
            "avg": 6.5846220022493105,
            "max": 214.194453,
            "med": 6.8170785,
            "min": 3.761294,
            "p(90)": 7.8410683,
            "p(95)": 8.1049167
        },
        "group_duration": {
            "avg": 376.16569865559137,
            "max": 3036.238325,
            "med": 29.931155,
            "min": 0.000263,
            "p(90)": 990.7133392000001,
            "p(95)": 1016.079259
        },
        "http_req_blocked": {
            "avg": 0.004108745012797894,
            "max": 28.81684,
            "med": 0.001685,
            "min": 0.000733,
            "p(90)": 0.002747,
            "p(95)": 0.003378
        },
        "http_req_connecting": {
            "avg": 0.0020876546752696254,
            "max": 28.785524,
            "med": 0,
            "min": 0,
            "p(90)": 0,
            "p(95)": 0
        },
        "http_req_duration": {
            "avg": 199.25264821275837,
            "max": 3026.092227,
            "med": 6.0622395000000004,
            "min": 0.758006,
            "p(90)": 963.2172419,
            "p(95)": 966.18441655
        },
        "http_req_receiving": {
            "avg": 0.02458092325532901,
            "max": 14.441187,
            "med": 0.021601,
            "min": 0.00727,
            "p(90)": 0.034057,
            "p(95)": 0.040107849999999855
        },
        "http_req_sending": {
            "avg": 0.01176154409609111,
            "max": 13.113161,
            "med": 0.008485,
            "min": 0.004404,
            "p(90)": 0.014946,
            "p(95)": 0.0199
        },
        "http_req_tls_handshaking": {
            "avg": 0,
            "max": 0,
            "med": 0,
            "min": 0,
            "p(90)": 0,
            "p(95)": 0
        },
        "http_req_waiting": {
            "avg": 199.21630574540342,
            "max": 3026.034379,
            "med": 6.025452,
            "min": 0.728096,
            "p(90)": 963.1771346,
            "p(95)": 966.14397335
        },
        "http_reqs": {
            "count": 1236164,
            "rate": 5088.217908230456
        },
        "iteration_duration": {
            "avg": 587.8016726922051,
            "max": 3036.256244,
            "med": 984.3363485,
            "min": 0.078967,
            "p(90)": 1019.216985,
            "p(95)": 1021.6036635
        },
        "iterations": {
            "count": 576755,
            "rate": 2374.0014429003404
        },
        "vus": {
            "max": 1600,
            "min": 18,
            "value": 18
        },
        "vus_max": {
            "max": 1600,
            "min": 1600,
            "value": 1600
        }
    },
    "root_group": {
        "name": "",
        "path": "",
        "id": "d41d8cd98f00b204e9800998ecf8427e",
        "groups": {
            "publisher": {
                "name": "publisher",
                "path": "::publisher",
                "id": "42834ed9b0fab346fb485eef504a199e",
                "groups": {},
                "checks": {
                    "is status 200": {
                        "name": "is status 200",
                        "path": "::publisher::is status 200",
                        "id": "033b4844056b121c9936aedc4ab12017",
                        "passes": 247638,
                        "fails": 0
                    }
                }
            },
            "setup": {
                "name": "setup",
                "path": "::setup",
                "id": "5c0f8025f7e0b6654089e5b00e950f1a",
                "groups": {},
                "checks": {}
            },
            "subscriber": {
                "name": "subscriber",
                "path": "::subscriber",
                "id": "8cd2fe283a36cc055d74315ba7db7039",
                "groups": {
                    "ack": {
                        "name": "ack",
                        "path": "::subscriber::ack",
                        "id": "896b291f5e9f4a0b4a9d63c5bd0aa610",
                        "groups": {},
                        "checks": {
                            "is status 204": {
                                "name": "is status 204",
                                "path": "::subscriber::ack::is status 204",
                                "id": "1675e96687d722c0ea932d5d2fbfd93f",
                                "passes": 493117,
                                "fails": 0
                            }
                        }
                    },
                    "fetch": {
                        "name": "fetch",
                        "path": "::subscriber::fetch",
                        "id": "219dd6d5879771ae4590fb2c3826ad84",
                        "groups": {},
                        "checks": {
                            "has messages array": {
                                "name": "has messages array",
                                "path": "::subscriber::fetch::has messages array",
                                "id": "8bcfe7144bfdfba71334cca76e6453c6",
                                "passes": 494209,
                                "fails": 0
                            },
                            "is status 200": {
                                "name": "is status 200",
                                "path": "::subscriber::fetch::is status 200",
                                "id": "bee4378527eb142a3168d665c6ac821a",
                                "passes": 494209,
                                "fails": 0
                            },
                            "returns valid JSON": {
                                "name": "returns valid JSON",
                                "path": "::subscriber::fetch::returns valid JSON",
                                "id": "541e2ba22921f61f022df6b245104ee6",
                                "passes": 494209,
                                "fails": 0
                            }
                        }
                    }
                },
                "checks": {
                    "is status 200": {
                        "name": "is status 200",
                        "path": "::subscriber::is status 200",
                        "id": "96fdc221e3cd9ed60329154e5bb89f28",
                        "passes": 1200,
                        "fails": 0
                    }
                }
            }
        },
        "checks": {}
    }
}
