{
    "metrics": {
        "checks": {
            "fails": 0,
            "passes": 31815,
            "thresholds": {
                "rate >= 1.0": false
            },
            "value": 0
        },
        "data_received": {
            "count": 8263517,
            "rate": 250731.13455005726
        },
        "data_sent": {
            "count": 4570917,
            "rate": 138690.48800215987
        },
        "dsps_fetched_messages": {
            "count": 13403,
            "rate": 406.6730178414854,
            "thresholds": {
                "count >= 5400": false
            }
        },
        "dsps_msg_delay_ms": {
            "avg": 21.508617473699918,
            "max": 1030,
            "med": 22,
            "min": 0,
            "p(90)": 27,
            "p(95)": 29
        },
        "dsps_ttfb_ms_ack": {
            "avg": 1.1608371859296513,
            "max": 12.231,
            "med": 0.833,
            "min": 0.194,
            "p(90)": 2.2272000000000007,
            "p(95)": 2.965299999999992
        },
        "dsps_ttfb_ms_publish": {
            "avg": 4.095637555555554,
            "max": 717.688,
            "med": 1.152,
            "min": 0.265,
            "p(90)": 2.8922999999999996,
            "p(95)": 3.8911500000000006
        },
        "group_duration": {
            "avg": 386.6544554704826,
            "max": 3017.305062,
            "med": 22.01059,
            "min": 0.000292,
            "p(90)": 984.0920726,
            "p(95)": 1003.8870944
        },
        "http_req_blocked": {
            "avg": 0.21584222809341708,
            "max": 48.728,
            "med": 0.003,
            "min": 0.001,
            "p(90)": 0.004,
            "p(95)": 0.007
        },
        "http_req_connecting": {
            "avg": 0.2108453985028623,
            "max": 48.7,
            "med": 0,
            "min": 0,
            "p(90)": 0,
            "p(95)": 0
        },
        "http_req_duration": {
            "avg": 206.91370981946235,
            "max": 3005.639,
            "med": 1.343,
            "min": 0.222,
            "p(90)": 959.6564,
            "p(95)": 961.9601
        },
        "http_req_receiving": {
            "avg": 0.03806081021576389,
            "max": 24.412,
            "med": 0.025,
            "min": 0.01,
            "p(90)": 0.053,
            "p(95)": 0.078
        },
        "http_req_sending": {
            "avg": 0.03413535887274189,
            "max": 20.404,
            "med": 0.012,
            "min": 0.005,
            "p(90)": 0.037,
            "p(95)": 0.09
        },
        "http_req_tls_handshaking": {
            "avg": 0,
            "max": 0,
            "med": 0,
            "min": 0,
            "p(90)": 0,
            "p(95)": 0
        },
        "http_req_waiting": {
            "avg": 206.84151365037357,
            "max": 3005.472,
            "med": 1.2805,
            "min": 0.194,
            "p(90)": 959.5852,
            "p(95)": 961.89265
        },
        "http_reqs": {
            "count": 22710,
            "rate": 689.0654506588176
        },
        "iteration_duration": {
            "avg": 603.0194496801789,
            "max": 3017.34404,
            "med": 978.654395,
            "min": 0.103627,
            "p(90)": 1004.9525134999999,
            "p(95)": 1007.383953
        },
        "iterations": {
            "count": 10605,
            "rate": 321.77627055203703
        },
        "vus": {
            "max": 200,
            "min": 150,
            "value": 150
        },
        "vus_max": {
            "max": 200,
            "min": 200,
            "value": 200
        }
    },
    "root_group": {
        "name": "",
        "path": "",
        "id": "d41d8cd98f00b204e9800998ecf8427e",
        "groups": {
            "publisher": {
                "name": "publisher",
                "path": "::publisher",
                "id": "42834ed9b0fab346fb485eef504a199e",
                "groups": {},
                "checks": {
                    "is status 200": {
                        "name": "is status 200",
                        "path": "::publisher::is status 200",
                        "id": "033b4844056b121c9936aedc4ab12017",
                        "passes": 4500,
                        "fails": 0
                    }
                }
            },
            "setup": {
                "name": "setup",
                "path": "::setup",
                "id": "5c0f8025f7e0b6654089e5b00e950f1a",
                "groups": {},
                "checks": {}
            },
            "subscriber": {
                "name": "subscriber",
                "path": "::subscriber",
                "id": "8cd2fe283a36cc055d74315ba7db7039",
                "groups": {
                    "ack": {
                        "name": "ack",
                        "path": "::subscriber::ack",
                        "id": "896b291f5e9f4a0b4a9d63c5bd0aa610",
                        "groups": {},
                        "checks": {
                            "is status 204": {
                                "name": "is status 204",
                                "path": "::subscriber::ack::is status 204",
                                "id": "1675e96687d722c0ea932d5d2fbfd93f",
                                "passes": 8955,
                                "fails": 0
                            }
                        }
                    },
                    "fetch": {
                        "name": "fetch",
                        "path": "::subscriber::fetch",
                        "id": "219dd6d5879771ae4590fb2c3826ad84",
                        "groups": {},
                        "checks": {
                            "has messages array": {
                                "name": "has messages array",
                                "path": "::subscriber::fetch::has messages array",
                                "id": "8bcfe7144bfdfba71334cca76e6453c6",
                                "passes": 9105,
                                "fails": 0
                            },
                            "is status 200": {
                                "name": "is status 200",
                                "path": "::subscriber::fetch::is status 200",
                                "id": "bee4378527eb142a3168d665c6ac821a",
                                "passes": 9105,
                                "fails": 0
                            }
                        }
                    }
                },
                "checks": {
                    "is status 200": {
                        "name": "is status 200",
                        "path": "::subscriber::is status 200",
                        "id": "96fdc221e3cd9ed60329154e5bb89f28",
                        "passes": 150,
                        "fails": 0
                    }
                }
            }
        },
        "checks": {}
    }
}
