{
    "metrics": {
        "checks": {
            "fails": 0,
            "passes": 4445628,
            "thresholds": {
                "rate >= 0.9999": false
            },
            "value": 0
        },
        "data_received": {
            "count": 1020556402,
            "rate": 4205311.572672205
        },
        "data_sent": {
            "count": 719456279,
            "rate": 2964596.3811320863
        },
        "dsps_fetched_messages": {
            "count": 1475208,
            "rate": 6078.752004633075,
            "thresholds": {
                "count >= 518400": false
            }
        },
        "dsps_msg_delay_ms": {
            "avg": 28.1054678391115,
            "max": 709,
            "med": 29,
            "min": 4,
            "p(90)": 39,
            "p(95)": 49
        },
        "dsps_ttfb_ms_ack": {
            "avg": 5.69204340285976,
            "max": 140.894531,
            "med": 5.0113295,
            "min": 0.57354,
            "p(90)": 6.708435700000001,
            "p(95)": 10.40379844999997
        },
        "dsps_ttfb_ms_publish": {
            "avg": 7.803429837530937,
            "max": 172.21663,
            "med": 6.952995,
            "min": 3.780668,
            "p(90)": 8.8631552,
            "p(95)": 13.599942099999987
        },
        "group_duration": {
            "avg": 376.0507382325751,
            "max": 3181.443815,
            "med": 30.986046,
            "min": 0.000224,
            "p(90)": 993.3820782,
            "p(95)": 1019.4061865499999
        },
        "http_req_blocked": {
            "avg": 0.0045221871287566984,
            "max": 39.4992,
            "med": 0.001925,
            "min": 0.000724,
            "p(90)": 0.003431,
            "p(95)": 0.004059
        },
        "http_req_connecting": {
            "avg": 0.0020738040464628404,
            "max": 31.371738,
            "med": 0,
            "min": 0,
            "p(90)": 0,
            "p(95)": 0
        },
        "http_req_duration": {
            "avg": 199.30072657136176,
            "max": 3044.018545,
            "med": 6.571193,
            "min": 0.598785,
            "p(90)": 963.4481288000001,
            "p(95)": 967.85703035
        },
        "http_req_receiving": {
            "avg": 0.03295934871874758,
            "max": 75.80207,
            "med": 0.021622,
            "min": 0.007896,
            "p(90)": 0.037238,
            "p(95)": 0.044293
        },
        "http_req_sending": {
            "avg": 0.035461776643432114,
            "max": 47.825292,
            "med": 0.009041,
            "min": 0.004393,
            "p(90)": 0.020041,
            "p(95)": 0.02596
        },
        "http_req_tls_handshaking": {
            "avg": 0,
            "max": 0,
            "med": 0,
            "min": 0,
            "p(90)": 0,
            "p(95)": 0
        },
        "http_req_waiting": {
            "avg": 199.23230544599818,
            "max": 3043.986401,
            "med": 6.5243935,
            "min": 0.57354,
            "p(90)": 963.3983301,
            "p(95)": 967.7955793
        },
        "http_reqs": {
            "count": 2469070,
            "rate": 10174.066444921249
        },
        "iteration_duration": {
            "avg": 588.2841068788551,
            "max": 3181.463885,
            "med": 982.20151,
            "min": 0.076724,
            "p(90)": 1021.184133,
            "p(95)": 1024.906579
        },
        "iterations": {
            "count": 1152380,
            "rate": 4748.504777020638
        },
        "vus": {
            "max": 3200,
            "min": 35,
            "value": 35
        },
        "vus_max": {
            "max": 3200,
            "min": 3200,
            "value": 3200
        }
    },
    "root_group": {
        "name": "",
        "path": "",
        "id": "d41d8cd98f00b204e9800998ecf8427e",
        "groups": {
            "publisher": {
                "name": "publisher",
                "path": "::publisher",
                "id": "42834ed9b0fab346fb485eef504a199e",
                "groups": {},
                "checks": {
                    "is status 200": {
                        "name": "is status 200",
                        "path": "::publisher::is status 200",
                        "id": "033b4844056b121c9936aedc4ab12017",
                        "passes": 492303,
                        "fails": 0
                    }
                }
            },
            "setup": {
                "name": "setup",
                "path": "::setup",
                "id": "5c0f8025f7e0b6654089e5b00e950f1a",
                "groups": {},
                "checks": {}
            },
            "subscriber": {
                "name": "subscriber",
                "path": "::subscriber",
                "id": "8cd2fe283a36cc055d74315ba7db7039",
                "groups": {
                    "ack": {
                        "name": "ack",
                        "path": "::subscriber::ack",
                        "id": "896b291f5e9f4a0b4a9d63c5bd0aa610",
                        "groups": {},
                        "checks": {
                            "is status 204": {
                                "name": "is status 204",
                                "path": "::subscriber::ack::is status 204",
                                "id": "1675e96687d722c0ea932d5d2fbfd93f",
                                "passes": 986088,
                                "fails": 0
                            }
                        }
                    },
                    "fetch": {
                        "name": "fetch",
                        "path": "::subscriber::fetch",
                        "id": "219dd6d5879771ae4590fb2c3826ad84",
                        "groups": {},
                        "checks": {
                            "has messages array": {
                                "name": "has messages array",
                                "path": "::subscriber::fetch::has messages array",
                                "id": "8bcfe7144bfdfba71334cca76e6453c6",
                                "passes": 988279,
                                "fails": 0
                            },
                            "is status 200": {
                                "name": "is status 200",
                                "path": "::subscriber::fetch::is status 200",
                                "id": "bee4378527eb142a3168d665c6ac821a",
                                "passes": 988279,
                                "fails": 0
                            },
                            "returns valid JSON": {
                                "name": "returns valid JSON",
                                "path": "::subscriber::fetch::returns valid JSON",
                                "id": "541e2ba22921f61f022df6b245104ee6",
                                "passes": 988279,
                                "fails": 0
                            }
                        }
                    }
                },
                "checks": {
                    "is status 200": {
                        "name": "is status 200",
                        "path": "::subscriber::is status 200",
                        "id": "96fdc221e3cd9ed60329154e5bb89f28",
                        "passes": 2400,
                        "fails": 0
                    }
                }
            }
        },
        "checks": {}
    }
}
